"level","stem"
"B1","abbieg"
"B1","abbild"
"A2","abe"
"B1","aben"
"A1","abend"
"A2","abendess"
"B1","abendzeit"
"B1","abentev"
"A1","aber"
"B1","abfahr"
"A1","abfahrt"
"B1","abfall"
"B1","abfalleim"
"A1","abflieg"
"A1","abflug"
"B1","abgas"
"A1","abgeb"
"B1","abgebog"
"B1","abgefahr"
"B1","abgegeb"
"B1","abgehang"
"B1","abgehob"
"B1","abgeholt"
"B1","abgelauf"
"B1","abgelehnt"
"B1","abgemacht"
"B1","abgenomm"
"B1","abgesagt"
"A2","abgeschloss"
"B1","abgeschrieb"
"B1","abgestimmt"
"B1","abgewasch"
"B1","abhang"
"B1","abheb"
"A1","abhol"
"B1","abholt"
"B1","abitur"
"B1","ablehn"
"B1","abmach"
"B1","abnehm"
"B1","abonnement"
"B1","abonni"
"B1","abonniert"
"B1","absag"
"B1","abschied"
"B1","abschliess"
"B1","abschluss"
"B1","abschnitt"
"B1","abschreib"
"A1","absend"
"B1","absenderin"
"B1","absicht"
"B1","absolut"
"B1","abstimm"
"B1","abteil"
"B1","abwart"
"B1","abwartin"
"B1","abwasch"
"B1","abwes"
"B1","abzuhol"
"B1","abzuschliess"
"A2","ach"
"A1","acht"
"B1","achtet"
"A1","achtung"
"B1","achtzig"
"A2","acrt"
"A2","adef"
"A1","adress"
"A2","ads"
"A2","aerab"
"A2","affenhsc"
"B1","afrika"
"A2","agata"
"A2","age"
"A2","agha"
"A2","aglich"
"A2","ahen"
"B1","ahnlich"
"A2","ahnung"
"B1","aktion"
"A2","aktiv"
"B1","aktivitat"
"A2","aktuel"
"B1","aktuell"
"B1","akzepti"
"B1","akzeptiert"
"B1","alarm"
"A2","ale"
"B1","alessandro"
"B1","alex"
"B1","alexand"
"B1","ali"
"B1","alkohol"
"B1","alkoholfrei"
"B1","alkoholsucht"
"B1","all"
"A1","allein"
"B1","allerb"
"B1","allerding"
"B1","allerschon"
"B1","allgemein"
"B1","allmah"
"B1","alltag"
"B1","alphabet"
"A2","alr"
"A1","als"
"A1","also"
"B1","alsob"
"A1","alt"
"B1","altbau"
"B1","altenheim"
"B1","alternativ"
"B1","altersheim"
"B1","altpapi"
"B1","amadeo"
"A2","amira"
"B1","amp"
"A2","ampel"
"B1","amt"
"B1","amusi"
"B1","amusiert"
"B1","analysi"
"B1","analysiert"
"B1","anbau"
"A1","anbiet"
"A2","and"
"B1","andererseit"
"B1","andert"
"B1","ander"
"B1","andreas"
"B1","anerkannt"
"B1","anerkenn"
"B1","aneta"
"A1","anfang"
"B1","angab"
"B1","ang"
"B1","angeb"
"A1","angebot"
"B1","angefang"
"B1","angegeb"
"B1","angehabt"
"B1","angehor"
"B1","angeklickt"
"B1","angekomm"
"B1","angekundigt"
"A2","angemacht"
"B1","angemeldet"
"B1","angenehm"
"B1","angenomm"
"A2","angeruf"
"B1","angesagt"
"B1","angeschafft"
"B1","angeschloss"
"B1","angeschnallt"
"B1","angeseh"
"B1","angesproch"
"B1","angestellt"
"B1","angestrengt"
"B1","angewendet"
"B1","angezeigt"
"B1","angezog"
"A2","angst"
"B1","angstlich"
"B1","anhab"
"B1","anhalt"
"A1","anklick"
"A2","ankomm"
"A1","ankreuz"
"B1","ankund"
"A1","ankunft"
"B1","anlag"
"B1","anlass"
"B1","anleit"
"A2","anmach"
"B1","anmeldefrist"
"A1","anmeld"
"A2","ann"
"B1","anna"
"B1","annah"
"B1","annehm"
"B1","annonc"
"A2","anns"
"A2","annseou"
"A2","annst"
"B1","anprobi"
"A2","anr"
"A1","anred"
"A1","anruf"
"A2","anrufbeantwort"
"B1","ans"
"B1","ansag"
"B1","anschaff"
"B1","anschliess"
"A1","anschluss"
"B1","anschnall"
"A2","anseh"
"B1","ansprech"
"B1","anspruch"
"B1","anstell"
"B1","anstreng"
"A2","anton"
"B1","antonio"
"B1","antrag"
"A1","antwort"
"B1","antwortbog"
"A2","antwortet"
"B1","anwalt"
"B1","anwaltin"
"B1","anwend"
"B1","anwes"
"B1","anzahl"
"A1","anzeig"
"A1","anzieh"
"B1","anzufang"
"A2","anzug"
"B1","anzuruf"
"B1","anzuschnall"
"A1","apartment"
"A2","apetar"
"A2","apfel"
"A2","apfelbaum"
"B1","apfelkuch"
"A2","apfelsaft"
"A2","apothek"
"A2","apparat"
"A1","appetit"
"B1","aprikos"
"B1","april"
"B1","arabella"
"A2","arb"
"A1","arbeit"
"B1","arbeiterin"
"A1","arbeitet"
"B1","arbeitnehm"
"B1","arbeitsamt"
"B1","arbeitsbeding"
"B1","arbeitserlaubnis"
"B1","arbeitskolleg"
"A1","arbeitslos"
"B1","arbeitsmarkt"
"A1","arbeitsplatz"
"B1","arbeitsstell"
"B1","arbeitstag"
"B1","arbeitstechn"
"B1","arbeitsverhaltnis"
"B1","arbeitszeit"
"B1","architekt"
"B1","architektin"
"B1","arg"
"A2","argerst"
"A2","argert"
"A2","ark"
"A1","arm"
"B1","art"
"A2","artikel"
"A2","arz"
"A1","arzt"
"B1","arztin"
"B1","arztpraxis"
"A2","arzttermin"
"B1","arzu"
"A2","asc"
"A2","aspirin"
"A2","ass"
"A2","ast"
"B1","asyl"
"B1","atem"
"A2","aterina"
"B1","atlantis"
"B1","atm"
"B1","atmet"
"A2","aua"
"A1","auch"
"A2","auer"
"A2","auet"
"A1","auf"
"B1","aufenthalt"
"B1","aufenthaltsraum"
"A2","auff"
"B1","auffall"
"B1","aufford"
"B1","aufforder"
"B1","auffuhr"
"A1","aufgab"
"B1","aufgeb"
"B1","aufgefall"
"B1","aufgefordert"
"B1","aufgefuhrt"
"B1","aufgegeb"
"B1","aufgehalt"
"B1","aufgehob"
"B1","aufgehort"
"B1","aufgelad"
"B1","aufgelost"
"A2","aufgemacht"
"B1","aufgenomm"
"B1","aufgepasst"
"B1","aufgeraumt"
"B1","aufgeregt"
"B1","aufgeschrieb"
"B1","aufgestand"
"B1","aufgetret"
"B1","aufgewacht"
"B1","aufhalt"
"B1","aufhang"
"B1","aufheb"
"A2","aufhor"
"B1","auflad"
"B1","auflos"
"A2","aufmach"
"B1","aufmerksam"
"B1","aufnahm"
"B1","aufnehm"
"B1","aufpass"
"B1","aufraaum"
"A2","aufraum"
"B1","aufreg"
"B1","aufschreib"
"A2","aufsnuc"
"A1","aufsteh"
"B1","auftrag"
"B1","auftret"
"B1","auftritt"
"B1","aufwach"
"B1","aufwart"
"B1","aufzu"
"A2","aufzug"
"B1","aufzusteh"
"A1","aufzzuuug"
"A2","aug"
"B1","augenblick"
"B1","august"
"A1","aus"
"A2","ausbild"
"B1","ausdruck"
"B1","auseinand"
"B1","ausfahrt"
"B1","ausfall"
"A1","ausflug"
"A1","ausfull"
"A2","ausg"
"B1","ausgab"
"A1","ausgang"
"B1","ausgeb"
"B1","ausgebildet"
"B1","ausgedruckt"
"B1","ausgefall"
"B1","ausgefullt"
"A2","ausgegang"
"B1","ausgegeb"
"B1","ausgeh"
"B1","ausgemacht"
"B1","ausgemess"
"A2","ausgepackt"
"B1","ausgereicht"
"B1","ausgerichtet"
"B1","ausgeruht"
"B1","ausgeschlaf"
"B1","ausgeschloss"
"B1","ausgeseh"
"B1","ausgesproch"
"B1","ausgestellt"
"A2","ausgestieg"
"B1","ausgesucht"
"A2","ausgetrag"
"B1","ausgewahlt"
"B1","ausgezeichnet"
"A2","ausgezog"
"B1","aushilf"
"A1","auskunft"
"A1","ausland"
"B1","auslanderin"
"B1","auslanderinn"
"B1","ausleih"
"A1","ausmach"
"A2","ausn"
"B1","ausnahm"
"A2","auspack"
"B1","ausreich"
"B1","ausricht"
"B1","ausruh"
"A1","aussag"
"B1","ausschliess"
"A2","ausseh"
"B1","auss"
"A2","ausserd"
"A2","ausserhalb"
"B1","aussicht"
"B1","aussieht"
"B1","aussprach"
"B1","aussprech"
"A1","aussteig"
"B1","ausstell"
"B1","aussuch"
"A2","austausch"
"A2","austrag"
"B1","auswahl"
"A1","ausweis"
"B1","auszieh"
"B1","auszumach"
"A1","auto"
"A1","autobahn"
"B1","autofabr"
"B1","autofahr"
"A2","automat"
"B1","automechan"
"B1","automobilmess"
"B1","autor"
"B1","autorin"
"B1","autos"
"B1","autotur"
"B1","auu"
"B1","auuf"
"A2","auus"
"A1","auussag"
"B1","auuuf"
"B1","aydin"
"A2","baa"
"A1","baby"
"A2","babysitt"
"A2","bachstrass"
"B1","back"
"B1","backerei"
"A1","backerel"
"B1","backform"
"A2","backt"
"A1","bad"
"B1","badet"
"B1","badewann"
"B1","badezimm"
"A1","bahn"
"A1","bahnhof"
"B1","bahnhofsrestaurant"
"A1","bahnhofstrass"
"A1","bahnsteig"
"A1","bald"
"A1","balkon"
"A2","ball"
"B1","ballett"
"A2","banan"
"B1","bancomat"
"A2","band"
"A1","bank"
"B1","bankkonto"
"B1","bankleitzahl"
"B1","bankomat"
"A1","bar"
"A2","barg"
"B1","bargeld"
"B1","bart"
"A2","basel"
"A2","basketball"
"A2","bast"
"B1","bastelmateriali"
"B1","basteln"
"B1","bastelt"
"B1","bat"
"B1","batteri"
"B1","bau"
"A1","bauch"
"A2","bauchschmerz"
"B1","bauernhof"
"B1","bauingenieur"
"A1","baum"
"A2","baustel"
"A2","baustell"
"B1","baustellenbereich"
"B1","baustil"
"B1","baut"
"B1","bay"
"A2","bdbietet"
"B1","beacht"
"B1","beachtet"
"B1","beamt"
"B1","beamtin"
"B1","beant"
"B1","beantrag"
"B1","beantragt"
"A2","beantwort"
"A2","beantwortet"
"B1","bearbeit"
"A2","bearundet"
"A2","beau"
"A2","beck"
"A2","bedank"
"A2","bedankt"
"B1","bedarf"
"A2","bedeut"
"A2","bedeutet"
"B1","bedi"
"B1","bedient"
"B1","bedienungsanleit"
"B1","beding"
"A2","beduc"
"A2","beeil"
"A2","beeilt"
"B1","beeinfluss"
"B1","beeinflusst"
"A2","beend"
"A2","beendet"
"B1","befand"
"B1","befind"
"B1","befindet"
"B1","befreit"
"B1","befried"
"B1","befund"
"B1","begann"
"B1","begegn"
"B1","begegnet"
"B1","begeistert"
"B1","beginn"
"A1","beginnt"
"B1","begleit"
"B1","begleitet"
"A2","begmnt"
"B1","begonn"
"B1","begrenzt"
"A2","begrund"
"B1","begrundet"
"B1","begruss"
"B1","begrusst"
"B1","behalt"
"B1","behandeln"
"B1","behandelt"
"B1","behandl"
"B1","behaupt"
"B1","behauptet"
"B1","behielt"
"B1","behind"
"B1","behindert"
"B1","behord"
"A1","bei"
"B1","beid"
"A2","beim"
"A1","bein"
"B1","beinah"
"A2","beispi"
"A1","beispiel"
"B1","beispielsweis"
"B1","beiss"
"B1","beisst"
"B1","beit"
"B1","beitrag"
"B1","bekam"
"A1","bekannt"
"A2","bekomm"
"A1","bekommt"
"B1","bel"
"B1","beleg"
"B1","belegt"
"B1","beleid"
"B1","beleidigt"
"A2","beliebt"
"A2","bella"
"B1","bemerk"
"B1","bemerkt"
"B1","bemuh"
"B1","bemuht"
"B1","benot"
"B1","benotigt"
"A1","benutz"
"A2","benutzt"
"B1","benzin"
"B1","benzinpreis"
"B1","beobacht"
"B1","beobachtet"
"A2","bequ"
"B1","bequem"
"A2","ber"
"A2","berat"
"B1","berechn"
"B1","berechnet"
"B1","bereich"
"B1","bereit"
"B1","bereitet"
"B1","berg"
"A1","berghaus"
"B1","bericht"
"B1","berichtet"
"B1","beriet"
"A1","berlin"
"A1","beruf"
"B1","berufstat"
"B1","beruh"
"B1","beruhigt"
"B1","beruhmt"
"B1","beruhrt"
"B1","besass"
"A2","bescha"
"B1","beschad"
"B1","beschadigt"
"B1","beschaft"
"B1","beschaftigt"
"A2","bescheid"
"B1","beschliess"
"B1","beschliesst"
"B1","beschloss"
"B1","beschrank"
"B1","beschrankt"
"A2","beschreib"
"B1","beschreibt"
"B1","beschrieb"
"A2","beschw"
"A2","beschwert"
"B1","besess"
"B1","besetz"
"A1","besetzt"
"A1","besicht"
"A2","besichtigt"
"B1","besitz"
"B1","besitzt"
"B1","besond"
"B1","besorg"
"B1","besorgt"
"B1","besprach"
"B1","besprech"
"B1","bespricht"
"B1","besproch"
"A1","bess"
"B1","besser"
"A1","best"
"B1","bestand"
"A2","bestati"
"A2","bestat"
"B1","bestatigt"
"B1","besteh"
"A2","besteht"
"A1","bestell"
"A2","bestellt"
"B1","bestimmt"
"B1","bestraf"
"B1","bestraft"
"A2","bestucczjht"
"A2","besuch"
"A2","besucht"
"B1","beteil"
"B1","beteiligt"
"B1","betrag"
"B1","betragt"
"B1","betret"
"B1","betreu"
"B1","betreuerin"
"B1","betreut"
"B1","betreverin"
"B1","betrieb"
"B1","betriebsrat"
"B1","betriebsratin"
"B1","betriebssyst"
"B1","betrog"
"B1","betrug"
"B1","betrugt"
"B1","betrunk"
"A1","bett"
"A2","béuch"
"B1","bevolker"
"B1","bevor"
"B1","bewarb"
"B1","beweg"
"B1","bewegt"
"B1","beweis"
"B1","beweist"
"A2","bewerb"
"B1","bewi"
"B1","bewies"
"B1","bewirbt"
"B1","bewohn"
"B1","bewohnerin"
"B1","bewolkt"
"B1","beworb"
"B1","bewund"
"A2","bezah"
"A1","bezahl"
"A2","bezahlt"
"B1","bezieh"
"A2","bgrf"
"A2","bibliothek"
"B1","biegt"
"A1","bier"
"B1","biert"
"B1","biet"
"B1","bietet"
"A2","biio"
"A1","bild"
"B1","bildschirm"
"B1","billet"
"B1","billett"
"A1","billig"
"A1","bin"
"B1","bio"
"B1","bioabfall"
"B1","biogemus"
"B1","biologi"
"B1","biolog"
"A2","birn"
"A1","bis"
"B1","bish"
"B1","biss"
"A1","bissch"
"A1","bist"
"B1","bistro"
"B1","bit"
"A1","bitt"
"B1","bittet"
"B1","bjoorn"
"B1","blass"
"A2","blatt"
"A2","blau"
"A2","bleib"
"B1","bleibt"
"A1","bleistift"
"A2","blg"
"A1","blick"
"B1","blieb"
"B1","blind"
"B1","blitz"
"B1","blitzt"
"A2","blod"
"A2","blog"
"A2","blond"
"B1","bloss"
"B1","bluh"
"B1","bluht"
"B1","blum"
"A2","blus"
"B1","blut"
"B1","blutet"
"B1","bod"
"B1","bodense"
"B1","bog"
"B1","bohn"
"A2","bond"
"A2","book"
"B1","boos"
"B1","boot"
"B1","bord"
"A1","bos"
"B1","bot"
"B1","botschaft"
"B1","brach"
"B1","bracht"
"B1","brandn"
"B1","brannt"
"A2","brasili"
"A2","brat"
"A2","bratwurst"
"A2","brauch"
"A2","braucht"
"B1","brech"
"A1","breit"
"A2","brem"
"B1","brems"
"B1","brenn"
"B1","brennt"
"B1","bricht"
"A1","brief"
"B1","briefkast"
"A2","briefmark"
"B1","brieftasch"
"B1","brieftrag"
"B1","brieftragerin"
"B1","briefumschlag"
"B1","briet"
"A2","brill"
"A2","bring"
"B1","bringt"
"B1","broschur"
"A1","brot"
"A1","brotch"
"B1","brotli"
"A2","bruck"
"A2","brud"
"B1","brunn"
"B1","brust"
"A2","bsp"
"A2","btly"
"B1","bub"
"A1","buch"
"B1","buchdruck"
"B1","buchhandl"
"A1","buchlad"
"A2","buchmess"
"B1","buchs"
"B1","buchsta"
"A2","buchstab"
"A1","buchstabi"
"B1","buchstabiert"
"A2","buchstablert"
"B1","bucht"
"B1","bud"
"B1","buffet"
"B1","buhn"
"A2","bul"
"B1","bundeskanzlerin"
"A2","bunt"
"B1","burg"
"B1","burgerin"
"B1","burgerinn"
"A2","buro"
"B1","buros"
"B1","burst"
"A1","bus"
"B1","busbahnhof"
"B1","busfahr"
"B1","busfahrerin"
"A1","butt"
"A2","buttercrem"
"B1","buuro"
"A1","caf"
"A2","cafeteria"
"B1","camping"
"B1","campingplatz"
"A2","carag"
"B1","card"
"B1","carola"
"A2","cas"
"A2","caterina"
"A2","cbl"
"B1","cchhau"
"B1","cds"
"A2","cecn"
"A2","ceficht"
"A2","ceh"
"A1","celsius"
"B1","cent"
"A2","cepack"
"B1","cgregor"
"A2","chalt"
"B1","chanc"
"A2","charlott"
"A2","chatt"
"A2","chattet"
"A2","chauf"
"A2","chef"
"A2","chefin"
"B1","chen"
"A2","chet"
"B1","chic"
"B1","chick"
"A1","chiemse"
"A2","china"
"B1","chines"
"B1","chipkart"
"A2","chmeckt"
"A2","christina"
"B1","christin"
"A2","chtist"
"A2","cin"
"A1","circa"
"A2","claudia"
"A2","club"
"A2","cna"
"B1","coiffeur"
"B1","coiffeus"
"B1","cola"
"A2","comic"
"A2","comics"
"A1","comput"
"B1","computerfachfrau"
"A2","computerkenntnis"
"B1","computerkur"
"B1","computerprogramm"
"B1","computerraum"
"B1","computerspezialist"
"A2","conchi"
"B1","cou"
"B1","couch"
"B1","cousin"
"B1","couvert"
"A2","crem"
"A2","cthph"
"A2","ctift"
"B1","daar"
"A2","daba"
"A2","dabei"
"A2","dabel"
"B1","dach"
"B1","dacht"
"A2","dafur"
"A2","dageg"
"B1","dah"
"B1","dahin"
"A2","damal"
"A2","dam"
"A2","damit"
"B1","danach"
"A2","dan"
"A1","daneb"
"A2","dang"
"A1","dank"
"B1","dankbar"
"B1","dankt"
"A1","dann"
"B1","dapfel"
"B1","dar"
"B1","daran"
"B1","darauf"
"A1","darf"
"B1","dargestellt"
"A2","darguf"
"B1","darmstadt"
"B1","darstell"
"A2","darub"
"B1","darum"
"A1","das"
"A2","dass"
"B1","dasselb"
"B1","dassiv"
"A2","dast"
"A2","datei"
"A2","datel"
"B1","dat"
"A1","datum"
"B1","dau"
"B1","dauernd"
"A2","dauert"
"B1","dauvuert"
"B1","dav"
"A2","davert"
"B1","davon"
"B1","davu"
"B1","davuert"
"B1","dazu"
"B1","dbitt"
"A2","ddas"
"A2","ddemi"
"B1","deck"
"A1","dein"
"A2","dekomm"
"B1","dekori"
"B1","dekoriert"
"A1","dem"
"A1","den"
"B1","denk"
"B1","denkmal"
"B1","denkt"
"A1","denn"
"B1","dennis"
"A1","der"
"A2","deremgang"
"B1","derselb"
"B1","dert"
"A2","deruhmt"
"A1","des"
"A2","deshalb"
"B1","dessert"
"B1","desto"
"B1","desweg"
"B1","det"
"B1","detail"
"A2","deutlich"
"A1","deutsch"
"B1","deutschkenntnis"
"A1","deutschkur"
"A2","deutschland"
"A1","deutschlehrerin"
"B1","deutschlern"
"A2","deutschub"
"A2","dgr"
"B1","dialekt"
"B1","dialog"
"B1","diat"
"A1","dich"
"B1","dicht"
"B1","dick"
"A1","die"
"B1","dieb"
"A2","diek"
"B1","dien"
"A2","dienstag"
"B1","dient"
"A2","dies"
"B1","diese"
"B1","dieselb"
"B1","diesmal"
"B1","dietmar"
"B1","digital"
"B1","digitaluhr"
"A2","dina"
"A2","ding"
"B1","diplom"
"A1","dir"
"A2","direkt"
"B1","direktor"
"B1","direktorin"
"B1","dis"
"A1","disco"
"A2","disko"
"B1","diskothek"
"B1","diskussion"
"B1","diskuti"
"A2","diskutiert"
"A2","dissch"
"B1","distanz"
"A2","ditt"
"A2","dium"
"A2","dıe"
"A2","dje"
"B1","dlass"
"A2","dle"
"A2","dles"
"A1","doch"
"A1","doktor"
"B1","doktorin"
"B1","dokument"
"B1","dollar"
"A1","dom"
"B1","donau"
"B1","donn"
"B1","donnerstag"
"B1","donnert"
"B1","doppel"
"B1","doppelbett"
"B1","doppelklick"
"B1","doppelt"
"A1","doppelzimm"
"B1","dopular"
"A1","dorf"
"A1","dort"
"A2","dorth"
"A2","dorthin"
"B1","dortmund"
"B1","dos"
"B1","dositiv"
"B1","dpark"
"B1","dparki"
"B1","dparkiert"
"A2","dra"
"B1","dran"
"A1","drauss"
"B1","dreck"
"B1","dreh"
"B1","dreht"
"A1","drei"
"B1","dreijahr"
"B1","dreimal"
"A1","dreissig"
"A2","dreiundzwanz"
"B1","dreizimmerwohn"
"A2","dresd"
"B1","drin"
"A2","dringend"
"A2","drinn"
"A2","dritt"
"B1","drog"
"B1","drogeri"
"A2","drub"
"B1","druck"
"B1","druckt"
"A2","dser"
"A2","duc"
"A2","duchstablert"
"A2","duk"
"A2","dumm"
"B1","dung"
"A2","dunk"
"A2","dunkel"
"B1","dunkelblau"
"B1","dunkeln"
"B1","dunkl"
"A2","dunn"
"A1","durch"
"B1","durcheinand"
"A1","durchsag"
"B1","durchschnitt"
"A1","durf"
"B1","durft"
"A1","durst"
"B1","durstig"
"A2","dus"
"A1","dusch"
"B1","duscht"
"B1","duu"
"B1","duz"
"B1","duziert"
"B1","duzt"
"A2","eaieel"
"A2","eajrggerg"
"A2","eanrr"
"A2","eba"
"B1","eben"
"B1","ebenfall"
"B1","ebenso"
"A2","ebor"
"A2","eburtstag"
"A2","echt"
"B1","eck"
"B1","eckig"
"B1","eden"
"A2","eeitt"
"A2","een"
"A2","eencpt"
"A2","éetrsteht"
"A2","egal"
"A2","eglaubt"
"A2","egrund"
"A2","egt"
"A1","ehe"
"A2","ehefrau"
"A2","ehemann"
"A2","ehen"
"B1","ehepaar"
"A2","ehepartn"
"B1","eher"
"A2","ehor"
"A2","ehort"
"B1","ehrlich"
"A2","ehtan"
"A2","eib"
"A2","eichy"
"B1","eig"
"A2","eigent"
"B1","eign"
"B1","eignet"
"B1","eil"
"A1","eilig"
"B1","eilt"
"A1","ein"
"B1","einatm"
"B1","einbahnstrass"
"B1","einbrech"
"B1","einbrecherin"
"B1","einbruch"
"B1","eindeut"
"B1","eindruck"
"B1","einerseit"
"A1","einfach"
"B1","einfahrt"
"B1","einfall"
"B1","einfluss"
"B1","einfug"
"B1","einfuhr"
"A1","eingang"
"B1","eing"
"B1","eingebroch"
"B1","eingefall"
"B1","eingefugt"
"B1","eingefuhrt"
"B1","eingekauft"
"B1","eingelad"
"B1","eingenomm"
"B1","eingepackt"
"B1","eingerichtet"
"B1","eingeschaltet"
"B1","eingeschlaf"
"B1","eingeschloss"
"B1","eingesetzt"
"B1","eingestellt"
"B1","eingestieg"
"B1","eingetrag"
"B1","eingetret"
"B1","eingezahlt"
"A2","eingezob"
"B1","eingezog"
"B1","einheit"
"A2","einhundert"
"B1","einig"
"B1","einigt"
"B1","einkauf"
"B1","einkaufslist"
"B1","einkaufszentrum"
"B1","einkomm"
"A1","einlad"
"A1","einmal"
"B1","einnahm"
"B1","einnehm"
"A2","einpack"
"B1","einpark"
"B1","einricht"
"B1","einsam"
"B1","einschalt"
"B1","einschaltet"
"B1","einschliess"
"B1","einschreib"
"B1","einsetz"
"A2","einsteig"
"A2","einstein"
"B1","einstell"
"A2","eintrag"
"B1","eintret"
"A1","eintritt"
"B1","eintrittskart"
"A2","einverstand"
"B1","einwohn"
"B1","einwohnerin"
"B1","einzahl"
"B1","einzel"
"B1","einzelkind"
"B1","einzeln"
"A1","einzelzimm"
"A2","einzieh"
"B1","einzig"
"A2","eis"
"B1","eisenbahn"
"A2","eiwiii"
"A2","elamat"
"A2","elch"
"A2","ele"
"B1","elegant"
"B1","elektr"
"B1","elektro"
"B1","elektrogerat"
"B1","elektrogeschaft"
"B1","elektroherd"
"B1","elektroingenieur"
"B1","elektron"
"B1","elf"
"A2","eln"
"A1","elt"
"B1","elternvertret"
"A2","eltlfabrl"
"A1","eltvill"
"A2","emburo"
"A2","eme"
"A2","emen"
"B1","emil"
"B1","emilia"
"B1","empfahl"
"B1","empfang"
"B1","empfangt"
"A1","empfehl"
"B1","empfiehlt"
"B1","empfing"
"B1","empfohl"
"A2","emverstand"
"A1","end"
"A2","endet"
"B1","endgult"
"A2","endlich"
"B1","endspiel"
"A2","ener"
"B1","energi"
"A2","eng"
"B1","england"
"A2","englisch"
"B1","englischkur"
"B1","enkel"
"B1","enkelin"
"A2","enn"
"A2","enntmss"
"B1","ens"
"B1","ent"
"B1","entdeck"
"B1","entdeckt"
"B1","entfern"
"B1","entfernt"
"B1","entgeg"
"B1","entgegengekomm"
"B1","entgegenkomm"
"B1","enthalt"
"B1","entlang"
"B1","entlass"
"B1","entlasst"
"B1","entliess"
"B1","entscheid"
"B1","entscheidet"
"B1","entschied"
"B1","entschliess"
"B1","entschliesst"
"B1","entschloss"
"B1","entschluss"
"A2","entschuldi"
"A1","entschuld"
"A2","entschuldigt"
"B1","entsorg"
"B1","entsorgt"
"B1","entspann"
"B1","entstand"
"B1","entsteh"
"B1","entsteht"
"B1","enttausch"
"B1","enttauscht"
"B1","entwed"
"B1","entwickeln"
"B1","entwickelt"
"B1","entwickl"
"B1","enzo"
"A2","eper"
"A2","erbzum"
"B1","erdapfel"
"B1","erdbeergeschmack"
"B1","erd"
"A2","erdgeschoss"
"B1","ereign"
"B1","ereignet"
"B1","ereignis"
"A2","eren"
"B1","erfahr"
"B1","erfahrt"
"B1","erfand"
"B1","erfind"
"B1","erfindet"
"B1","erfolg"
"B1","erfolgreich"
"B1","erford"
"B1","erfordert"
"B1","erfuhr"
"B1","erfull"
"B1","erfullt"
"B1","erfund"
"B1","erganz"
"B1","erganzt"
"A1","ergebnis"
"B1","ergeschoss"
"B1","erhalt"
"B1","erhielt"
"B1","erhoh"
"B1","erhoht"
"B1","erhol"
"B1","erholt"
"A2","erichtet"
"B1","erinn"
"A2","erinnerst"
"A2","erinnert"
"B1","erinner"
"B1","erkalt"
"A2","erkaltet"
"B1","erkannt"
"B1","erkenn"
"B1","erkennt"
"A2","erklar"
"A2","erklart"
"B1","erkund"
"B1","erkundigt"
"A2","erlau"
"B1","erlaub"
"B1","erlaubnis"
"A2","erlaubt"
"A2","erlauhbt"
"B1","erleb"
"B1","erlebnis"
"B1","erlebt"
"B1","erled"
"B1","erledigt"
"B1","erleicht"
"B1","erleichtert"
"A2","ermass"
"B1","ern"
"B1","ernahr"
"B1","ernahrt"
"B1","ernst"
"B1","ernsthaft"
"B1","ernt"
"B1","eroffn"
"B1","eroffnet"
"A2","err"
"A2","erreich"
"A2","erreicht"
"B1","ersatz"
"B1","erscheint"
"B1","erschi"
"B1","erschopft"
"B1","erschrak"
"B1","erschreck"
"B1","erschreckt"
"B1","erschrickt"
"B1","erschrock"
"B1","ersetz"
"B1","ersetzt"
"A2","erst"
"B1","erstell"
"B1","erstellt"
"A2","ert"
"B1","erwachs"
"B1","erwart"
"B1","erwartet"
"B1","erweitert"
"B1","erzahl"
"A2","erzahlt"
"B1","erzieh"
"B1","erzieht"
"B1","erzog"
"A2","esen"
"B1","esist"
"A1","ess"
"B1","essensausgab"
"B1","essig"
"B1","esstisch"
"B1","etag"
"B1","etc"
"A2","etrsucht"
"A2","ett"
"B1","etwa"
"A1","etwas"
"A2","euch"
"A1","euer"
"A2","eufht"
"A2","eur"
"A1","euro"
"B1","europa"
"A2","eut"
"B1","euuro"
"A1","eva"
"A2","evd"
"B1","eventuel"
"B1","eventuell"
"A2","ever"
"A2","ewg"
"B1","ewig"
"B1","expert"
"B1","export"
"B1","exportabteil"
"B1","extra"
"B1","extr"
"B1","fabrik"
"A2","fach"
"B1","fachfrau"
"B1","fachleut"
"B1","fachmann"
"A2","faer"
"A2","fah"
"B1","fahig"
"A1","fahr"
"B1","fahrbahn"
"B1","fahrerin"
"B1","fahrgeld"
"A1","fahrkart"
"B1","fahrkartenautomat"
"B1","fahrkartenkontroll"
"A2","fahrplan"
"A1","fahrrad"
"B1","fahrradfahr"
"B1","fahrschein"
"A2","fahrst"
"B1","fahrstuhl"
"A1","fahrt"
"B1","fahrtkost"
"B1","fahrzeug"
"B1","fair"
"B1","faktor"
"A2","fall"
"B1","fallig"
"A2","fallt"
"A1","falsch"
"B1","fami"
"A2","famil"
"A1","famili"
"B1","familienangehor"
"B1","familienfei"
"A1","familiennam"
"A1","familienstand"
"B1","familientreff"
"A2","famill"
"A2","fan"
"B1","fand"
"A2","fang"
"A2","fangt"
"B1","fantasi"
"A2","fantast"
"A1","farb"
"B1","farbig"
"A2","farbstift"
"A2","fark"
"B1","fas"
"B1","faschiert"
"B1","fasching"
"B1","fasnacht"
"B1","fasnachtsumzusg"
"B1","fass"
"B1","fasst"
"A2","fast"
"A2","faul"
"B1","faulenz"
"B1","faulenzt"
"B1","fauteuil"
"A1","fax"
"B1","februar"
"A2","fehl"
"B1","fehlend"
"A1","fehlt"
"B1","feier"
"A2","feierab"
"A1","feiern"
"B1","feiert"
"A2","feiertag"
"A1","feilertag"
"B1","feld"
"A2","fel"
"A2","felertag"
"A2","felix"
"A1","fenst"
"B1","fentlicht"
"A2","feri"
"B1","ferienapartment"
"A2","ferienjob"
"B1","ferienwohn"
"A2","fern"
"B1","fernbedien"
"B1","ferngeseh"
"B1","fernsehapparat"
"A1","fernseh"
"B1","fernsehkanal"
"B1","fernzuseh"
"A2","ferti"
"A1","fertig"
"B1","fertigzumach"
"A2","fest"
"B1","festgehalt"
"B1","festgelegt"
"B1","festgenomm"
"B1","festgesetzt"
"B1","festgestand"
"B1","festgestellt"
"B1","festhalt"
"A2","festival"
"B1","festleg"
"B1","festnehm"
"B1","festnetztelefon"
"B1","festplatt"
"B1","festsetz"
"B1","feststeh"
"B1","feststell"
"A2","fetrtlg"
"A2","fett"
"B1","fettarm"
"B1","feucht"
"A1","feu"
"B1","feueralarm"
"B1","feuerwehr"
"B1","feuerwehrmann"
"B1","feuerzeug"
"A1","fieb"
"B1","fiel"
"B1","figur"
"A1","film"
"A1","filugzeug"
"B1","finanziell"
"B1","finanzi"
"B1","finanziert"
"A1","find"
"A2","findet"
"B1","fing"
"B1","fingernag"
"A2","fiojek"
"A1","firma"
"B1","firm"
"B1","firmeneroffn"
"A1","fisch"
"A2","fit"
"B1","fitness"
"A2","fiug"
"B1","flach"
"A1","flasch"
"B1","fleck"
"B1","fleis"
"A1","fleisch"
"B1","fleischhau"
"B1","fleischhauerin"
"A2","fleissig"
"B1","flexibel"
"A1","flieg"
"B1","fliegt"
"B1","flieh"
"B1","flieht"
"B1","fliess"
"B1","fliessend"
"B1","fliesst"
"A2","flng"
"B1","floh"
"B1","flohmarkt"
"A2","florian"
"B1","floss"
"B1","flot"
"A2","flsj"
"B1","flucht"
"A2","flug"
"A1","flughaf"
"A2","flugzeug"
"B1","flur"
"A2","fluss"
"B1","flussig"
"A2","fmqs"
"B1","folg"
"B1","folgend"
"B1","folgt"
"B1","ford"
"B1","fordert"
"B1","forder"
"B1","for"
"B1","form"
"A1","formular"
"B1","forsch"
"B1","forschung"
"B1","fort"
"B1","fortbild"
"B1","fortgesetzt"
"B1","fortschritt"
"B1","fortsetz"
"B1","forum"
"A2","fot"
"A1","foto"
"A2","fotoapparat"
"B1","fotograf"
"B1","fotografi"
"A2","fotografiert"
"B1","fotografin"
"A2","fotos"
"B1","frag"
"A2","fragt"
"B1","francesco"
"B1","francescos"
"B1","franco"
"A1","frankfurt"
"A2","frankreich"
"A2","franzos"
"B1","frass"
"A1","frau"
"A2","frazgt"
"B1","fre"
"B1","frech"
"A1","frei"
"A2","freiburg"
"B1","freien"
"B1","freihalt"
"B1","freiheit"
"A2","freitag"
"B1","freiwill"
"A1","freizeit"
"B1","freizeitaktiv"
"A2","frel"
"B1","freli"
"A1","fremd"
"B1","fremdsprach"
"B1","fress"
"B1","freud"
"A2","freu"
"A1","freund"
"A1","freundin"
"A2","freundlich"
"B1","freundschaft"
"A2","freut"
"B1","fried"
"B1","frier"
"B1","friert"
"A2","frisch"
"B1","friseur"
"B1","friseurin"
"B1","frisst"
"B1","frist"
"B1","frisur"
"A1","frit"
"A2","froh"
"B1","frohlich"
"B1","fror"
"B1","frucht"
"A2","fruh"
"B1","fruhdien"
"B1","fruhling"
"A2","fruhstuck"
"B1","fruhstuckt"
"B1","fst"
"B1","fugt"
"B1","fuhl"
"B1","fuhlt"
"B1","fuhr"
"B1","fuhrerausweis"
"B1","fuhrerschein"
"A2","fuhrerscheinpruf"
"B1","fuhrt"
"A1","fuhrung"
"A2","full"
"B1","fullt"
"A2","fun"
"B1","fundburo"
"B1","fund"
"A2","fundsach"
"A1","funf"
"B1","funft"
"A1","funfundzwanz"
"B1","funfzehn"
"A1","funfzig"
"B1","funktion"
"B1","funktioni"
"B1","funktioniert"
"A1","fur"
"A2","furchtbar"
"B1","furcht"
"B1","furchtet"
"A1","fuss"
"A1","fussball"
"A2","fussballfan"
"B1","fussballmannschaft"
"B1","fussballspi"
"A2","fussballspiel"
"A2","fussballteam"
"A2","fussballtrainin"
"A2","fussballtraining"
"B1","fussgang"
"B1","fussgangerin"
"B1","fussgangerzon"
"B1","futt"
"B1","futtert"
"B1","fuuhr"
"B1","fuuss"
"B1","gab"
"A2","gabel"
"B1","galeri"
"B1","galt"
"B1","gang"
"A1","ganz"
"B1","gar"
"B1","garag"
"B1","garanti"
"B1","garantiert"
"A1","garcia"
"B1","garderob"
"A1","gart"
"B1","gas"
"A2","gast"
"B1","gastgeb"
"B1","gasthaus"
"B1","gaststatt"
"A2","gbt"
"B1","geachtet"
"B1","geandert"
"B1","geant"
"B1","geantwortet"
"B1","gearbeitet"
"B1","geargert"
"B1","geatmet"
"B1","geback"
"B1","gebadet"
"A2","gebastelt"
"B1","gebaud"
"B1","gebaut"
"A2","geb"
"B1","gebet"
"B1","gebiet"
"B1","gebirg"
"B1","gebiss"
"A2","geblieb"
"B1","geblitzt"
"B1","gebluht"
"B1","geblutet"
"A1","gebor"
"B1","gebot"
"B1","gebracht"
"B1","gebrannt"
"B1","gebrat"
"B1","gebrauch"
"B1","gebrauchsanweis"
"B1","gebraucht"
"B1","gebrem"
"B1","gebroch"
"B1","gebucht"
"B1","gebuhr"
"B1","geburt"
"B1","geburtsdatum"
"A1","geburtsjahr"
"A1","geburtsort"
"A1","geburtstag"
"B1","geburtstagsfei"
"B1","geburtstagsparty"
"B1","geburtstagst"
"A2","geburtstas"
"A2","gechattet"
"B1","gedacht"
"B1","gedank"
"B1","gedankt"
"B1","gedauert"
"B1","gedavuert"
"B1","gedicht"
"B1","gedient"
"B1","gedonnert"
"B1","gedreht"
"B1","gedruckt"
"B1","geduld"
"B1","gedurft"
"B1","geduscht"
"B1","geduzt"
"B1","geehrt"
"B1","geeignet"
"B1","geeilt"
"B1","geeinigt"
"B1","geendet"
"A2","geéproch"
"B1","gefahr"
"A1","gefall"
"A2","gefallt"
"B1","gefang"
"B1","gefangnis"
"B1","gefasst"
"B1","gefaulenzt"
"B1","gefehlt"
"B1","gefeiert"
"A2","gefelert"
"B1","gefiel"
"B1","geflog"
"B1","gefloh"
"B1","gefloss"
"B1","gefolgt"
"B1","gefordert"
"B1","gefragt"
"B1","gefress"
"B1","gefreut"
"B1","gefror"
"B1","gefruhstuckt"
"B1","gefuhl"
"B1","gefuhlt"
"B1","gefuhrt"
"A2","gefund"
"B1","gefurchtet"
"B1","gefuttert"
"A2","gegang"
"B1","gegeb"
"A1","geg"
"B1","gegend"
"B1","gegensatz"
"B1","gegenstand"
"A2","gegenteil"
"A2","gegenub"
"B1","gegess"
"B1","geglaubt"
"B1","gegn"
"B1","gegnerin"
"A2","gegnllt"
"B1","gegolt"
"B1","gegoss"
"B1","gegriff"
"B1","gegrillt"
"B1","gegrundet"
"B1","gegrusst"
"B1","geguckt"
"A2","geh"
"A2","gehabt"
"B1","gehagelt"
"A2","gehalt"
"B1","gehandelt"
"B1","gehang"
"A2","gehangt"
"B1","gehasst"
"B1","geheim"
"B1","geheimnis"
"B1","geheiratet"
"B1","geheiss"
"B1","geheizt"
"B1","gehob"
"B1","gehofft"
"B1","geholf"
"B1","geholt"
"A2","gehor"
"A1","gehort"
"A2","gehst"
"B1","gehsteig"
"A1","geht"
"B1","gehupt"
"B1","gehustet"
"B1","geig"
"B1","geirrt"
"A2","gejoggt"
"B1","gekampft"
"B1","gekannt"
"A2","gekauft"
"B1","geklagt"
"A2","geklappt"
"B1","geklart"
"B1","geklebt"
"B1","geklettert"
"B1","geklickt"
"B1","geklingelt"
"B1","geklopft"
"B1","geklung"
"B1","gekocht"
"B1","gekom"
"B1","gekomm"
"B1","gekonnt"
"B1","gekostet"
"B1","gekriegt"
"B1","gekummert"
"A2","gekundigt"
"B1","gekusst"
"B1","gelachelt"
"A2","gelacht"
"B1","gelandet"
"B1","gelang"
"B1","gelangweilt"
"B1","gelass"
"B1","gelauf"
"A2","gelb"
"A1","geld"
"B1","geldautomat"
"A2","geldbors"
"B1","geldschein"
"B1","geldstraf"
"B1","gelebt"
"B1","geleg"
"B1","gelegt"
"B1","geleistet"
"B1","geleitet"
"A2","gelernt"
"A2","geles"
"A2","gelesgn"
"B1","geliebt"
"B1","geliefert"
"B1","gelieh"
"B1","geling"
"B1","gelingt"
"B1","gelitt"
"B1","gelobt"
"B1","gelog"
"B1","gelohnt"
"B1","geloscht"
"B1","gelost"
"B1","gelt"
"B1","gelung"
"A2","gem"
"A2","gemacht"
"B1","gemalt"
"B1","gemeinsam"
"B1","gemeinschaft"
"B1","gemeint"
"B1","gemeldet"
"B1","gemerkt"
"B1","gemess"
"A2","gemietet"
"B1","gemischt"
"A2","gemocht"
"A1","gemus"
"B1","gemusehandl"
"B1","gemusesupp"
"B1","gemusst"
"B1","gemut"
"B1","genahert"
"B1","genaht"
"B1","genannt"
"A2","genau"
"B1","genauso"
"B1","genauu"
"B1","genavu"
"B1","genblick"
"B1","genehm"
"B1","genehmigt"
"B1","generation"
"B1","geniess"
"B1","geniesst"
"B1","genomm"
"B1","genoss"
"A2","genug"
"B1","genugt"
"B1","genutzt"
"A1","geoffnet"
"B1","geooffnet"
"B1","geordnet"
"A2","georg"
"A1","georgi"
"B1","gepack"
"A2","gepackt"
"B1","geparkt"
"B1","gepasst"
"B1","gepflanzt"
"B1","gepflegt"
"B1","geplant"
"B1","gepruft"
"B1","geputzt"
"A1","gerad"
"A2","geradé"
"A1","geradeaus"
"B1","gerannt"
"B1","gerat"
"B1","geraucht"
"B1","gerausch"
"B1","gerechnet"
"B1","gerecht"
"B1","geredet"
"B1","geregelt"
"B1","geregnet"
"B1","gereicht"
"B1","gereinigt"
"B1","gereist"
"B1","gerettet"
"B1","gericht"
"B1","gerichtssaal"
"B1","gering"
"B1","geritt"
"A1","gern"
"B1","geroch"
"B1","geruf"
"A2","gesagt"
"B1","gesammelt"
"B1","gesamt"
"B1","gesamtgewicht"
"B1","gesamtsumm"
"B1","gesandt"
"B1","geschadet"
"B1","geschafft"
"A1","geschaft"
"B1","geschaftsmann"
"B1","geschaftspartn"
"A2","geschaftsreis"
"B1","geschah"
"B1","geschaltet"
"B1","geschatzt"
"B1","geschaut"
"B1","gescheh"
"A1","geschenk"
"B1","geschenkt"
"A2","geschicht"
"B1","geschickt"
"B1","geschied"
"B1","geschieht"
"B1","geschi"
"B1","geschimpft"
"A2","geschirr"
"A2","geschlaf"
"B1","geschlag"
"B1","geschlecht"
"B1","geschlos"
"A1","geschloss"
"B1","geschmack"
"A2","geschmeckt"
"B1","geschminkt"
"B1","geschneit"
"A2","geschnitt"
"B1","geschob"
"B1","geschoss"
"B1","geschrieb"
"B1","geschri"
"B1","geschuttelt"
"B1","geschutzt"
"A2","geschvvbmm"
"B1","geschwieg"
"B1","geschwind"
"B1","geschwindigkeitsbeschrank"
"A1","geschwist"
"B1","geschwitzt"
"B1","geschwomm"
"A1","geseh"
"B1","gesellschaft"
"B1","gesendet"
"B1","gesess"
"B1","gesetz"
"B1","gesetzt"
"B1","gesetzz"
"B1","gesichert"
"A2","gesicht"
"B1","gesiegt"
"B1","gesiezt"
"B1","gesollt"
"B1","gesorgt"
"B1","gespannt"
"A2","gespar"
"B1","gespart"
"A2","gespeichert"
"B1","gespielt"
"A1","gesprach"
"B1","gesproch"
"B1","gesprung"
"B1","gespult"
"B1","gespurt"
"B1","gespuult"
"B1","gestammt"
"B1","gestand"
"B1","gestartet"
"B1","gestattet"
"B1","gestaubsaugt"
"B1","gesteckt"
"B1","gestellt"
"A1","gest"
"B1","gestieg"
"B1","gestimmt"
"B1","gestoch"
"B1","gestohl"
"B1","gestoppt"
"A1","gestorb"
"B1","gestort"
"B1","gestoss"
"B1","gestreikt"
"B1","gestritt"
"B1","gestunk"
"B1","gesturzt"
"A2","gesucht"
"A2","gesund"
"A2","gesundhat"
"A2","gesundhelt"
"B1","gesung"
"B1","gesunk"
"A2","gesurft"
"B1","getan"
"B1","getankt"
"B1","getanzt"
"B1","getaucht"
"B1","getauscht"
"B1","geteilt"
"B1","getestet"
"B1","getippt"
"B1","getrag"
"A2","getrank"
"B1","getrankeautomat"
"B1","getrankekart"
"A2","getraumt"
"B1","getrennt"
"B1","getret"
"B1","getrieb"
"B1","getrocknet"
"B1","getroff"
"B1","getrunk"
"A2","geubt"
"B1","gewachs"
"A2","gewahlt"
"B1","gewalt"
"B1","gewandert"
"B1","gewann"
"B1","gewarnt"
"B1","gewartet"
"B1","gewasch"
"B1","gewechselt"
"B1","geweckt"
"A2","geweesenn"
"B1","geweigert"
"B1","geweint"
"B1","gewendet"
"B1","gewerkschaft"
"A2","gewes"
"B1","gewettet"
"A1","gewicht"
"B1","gewinkt"
"B1","gewinn"
"B1","gewinnspiel"
"A2","gewinnt"
"B1","gewirkt"
"B1","gewischt"
"B1","gewiss"
"A2","gewitt"
"B1","gewog"
"B1","gewohn"
"A2","gewohnt"
"B1","gewollt"
"B1","gewon"
"A2","gewonn"
"B1","gewoohnt"
"B1","geword"
"B1","geworf"
"B1","gewundert"
"B1","gewunscht"
"B1","gewurz"
"B1","gewusst"
"B1","gezahlt"
"B1","gezeichnet"
"B1","gezeigt"
"B1","gezeltet"
"A2","gezeyichnet"
"B1","gezog"
"B1","gezweifelt"
"B1","gezwung"
"A2","gghe"
"A2","ggmbsi"
"A2","gib"
"B1","gibst"
"A1","gibt"
"B1","giess"
"B1","giesst"
"B1","gift"
"B1","giftig"
"B1","gilt"
"B1","ging"
"B1","girokonto"
"A2","gitarr"
"B1","glac"
"A1","glas"
"B1","glatt"
"A2","glaub"
"B1","glaubt"
"A2","glbt"
"A1","gleich"
"B1","gleichberechtigt"
"B1","gleichfall"
"B1","gleichzeit"
"A1","gleis"
"A2","gluck"
"A1","glucklich"
"A1","gluckwunsch"
"A1","goemh"
"A1","goeth"
"B1","goethestrass"
"B1","gold"
"B1","golf"
"B1","golfspiel"
"A2","gomez"
"A2","gonzalez"
"B1","gott"
"A1","grad"
"B1","grafik"
"B1","gramm"
"A2","grammatikub"
"B1","gras"
"B1","gratis"
"A2","gratuhert"
"B1","gratulation"
"A2","gratuli"
"B1","gratuliert"
"B1","greif"
"B1","greift"
"B1","grenz"
"A2","gressan"
"B1","griff"
"B1","gril"
"B1","grill"
"B1","grilli"
"B1","grilliert"
"B1","grillt"
"B1","grins"
"A2","gripp"
"A1","gross"
"A1","grosselt"
"A1","grossmutt"
"A2","grosst"
"A1","grossvat"
"A2","grun"
"B1","grund"
"B1","grundet"
"B1","grundlich"
"B1","grundstuck"
"A1","grupp"
"A1","gruss"
"B1","grusst"
"B1","guck"
"B1","guckt"
"B1","gultig"
"A2","gunstig"
"A1","gut"
"A2","guultig"
"A1","guunstig"
"A2","gveicp"
"B1","gymnasium"
"B1","gymnast"
"A2","haanysdausmach"
"A1","haar"
"A2","hab"
"A2","habenhstlf"
"B1","habt"
"B1","hackfleisch"
"A2","had"
"B1","haf"
"B1","hageln"
"B1","hagelt"
"B1","hahnch"
"B1","halb"
"A1","halbpension"
"B1","halbtag"
"B1","halbtagsbeschaft"
"B1","half"
"B1","halft"
"A1","hall"
"B1","hallenbad"
"A1","hallo"
"A2","hal"
"B1","halsschmerz"
"B1","halt"
"B1","haltbar"
"A1","haltestell"
"A1","hamburg"
"B1","hamm"
"A1","hand"
"B1","handarbeit"
"B1","handel"
"B1","handeln"
"B1","handelt"
"B1","handl"
"B1","handlerin"
"B1","handtasch"
"A2","handtuch"
"B1","handwerk"
"B1","handwerkerin"
"A1","handy"
"B1","handynumm"
"B1","handys"
"B1","hang"
"B1","hangt"
"A2","hann"
"B1","hannov"
"A1","han"
"A2","harea"
"B1","harriett"
"A2","hart"
"B1","has"
"A2","hasf"
"B1","hass"
"B1","hasslich"
"B1","hasst"
"A1","hast"
"B1","hastdu"
"A1","hat"
"A2","hatt"
"B1","haufig"
"B1","haupt"
"B1","hauptbahnhof"
"B1","hauptgewinn"
"B1","hauptroll"
"B1","hauptstadt"
"B1","hauptstrass"
"A1","haus"
"B1","hausarbeit"
"B1","hausarzt"
"B1","hausauf"
"A2","hausaufgab"
"B1","hausbewohn"
"A1","hausfrau"
"A2","haushalt"
"A1","hausmann"
"B1","hausmeist"
"B1","hausmeisterin"
"B1","hausn"
"A2","hausnumm"
"B1","hausordn"
"B1","hausti"
"A2","haustur"
"B1","haut"
"B1","hauus"
"B1","heb"
"B1","hebt"
"A2","hector"
"B1","heft"
"A2","hei"
"A2","heidelb"
"A1","heidelberg"
"B1","heidrun"
"A2","heig"
"B1","heim"
"A1","heimat"
"B1","heimlich"
"B1","heimweh"
"A2","heint"
"A2","heirat"
"A2","heiratet"
"A2","heiss"
"A1","heisst"
"B1","heiz"
"B1","heizt"
"A2","heizung"
"B1","held"
"B1","heldin"
"B1","helf"
"A1","hell"
"A2","hellblau"
"A1","helmut"
"A2","hemd"
"A2","hen"
"B1","hend"
"B1","hendl"
"B1","hendtf"
"A2","hep"
"A2","her"
"B1","heraus"
"B1","herausforder"
"B1","herausgefund"
"B1","herauskommt"
"A2","herberg"
"A2","herb"
"A1","herd"
"A2","herein"
"B1","hergestellt"
"B1","herkunft"
"A1","herr"
"B1","herrlich"
"A2","herrn"
"B1","herrscht"
"B1","herstell"
"A2","herti"
"A2","herunt"
"B1","herunterfahr"
"B1","heruntergefahr"
"B1","heruntergelad"
"A2","herunterlad"
"B1","herz"
"A2","herzhc"
"A1","herzlich"
"A2","heut"
"B1","heutig"
"A2","hey"
"B1","hielt"
"A1","hier"
"B1","hierh"
"B1","hiess"
"B1","hil"
"B1","hilf"
"B1","hilft"
"A2","himmel"
"A1","hin"
"A2","hinaus"
"A2","hinein"
"B1","hineingelass"
"B1","hing"
"B1","hingefall"
"B1","hingewies"
"B1","hinstell"
"A1","hint"
"B1","hinterh"
"B1","hinterlass"
"B1","hinterlasst"
"B1","hinterliess"
"B1","hinunt"
"B1","hinuntersturzt"
"B1","hinweis"
"B1","histor"
"B1","hitz"
"A2","hmachtfauf"
"A2","hne"
"A2","hnin"
"B1","hob"
"A2","hobbvs"
"A2","hobby"
"A2","hobbys"
"A1","hoch"
"A2","hochd"
"B1","hochgelad"
"B1","hochlad"
"B1","hochst"
"A1","hochzeit"
"B1","hochzeitstermin"
"B1","hof"
"B1","hoff"
"A2","hoffent"
"B1","hoffnung"
"B1","hofft"
"B1","hoflich"
"B1","hoh"
"B1","hol"
"A2","holt"
"B1","holz"
"B1","holzfussbod"
"A2","homepag"
"B1","honig"
"B1","hor"
"B1","horerin"
"B1","horerinn"
"B1","horst"
"A1","hort"
"A2","hos"
"B1","hot"
"A1","hotel"
"B1","hotelbar"
"A2","hre"
"A2","htie"
"B1","hub"
"B1","hubsch"
"B1","hugel"
"B1","huhn"
"B1","huhnch"
"B1","humor"
"A1","hund"
"A2","hundert"
"A1","hung"
"B1","hungrig"
"B1","hup"
"B1","hupt"
"B1","hust"
"A2","hustet"
"B1","hut"
"B1","hutt"
"A2","ibn"
"A2","ibrahim"
"A2","ibst"
"A2","ice"
"A1","ich"
"B1","ichholz"
"B1","icht"
"B1","ideal"
"A2","ide"
"A2","ieccht"
"A2","ieid"
"A2","ier"
"B1","iert"
"A2","ihcgsthatt"
"A1","ihm"
"A1","ihn"
"A1","ihr"
"A1","iich"
"B1","iihm"
"B1","iihn"
"B1","iihr"
"A1","iim"
"B1","iist"
"A2","ilf"
"A2","ilft"
"B1","ill"
"B1","illegal"
"A2","ilspiel"
"B1","ilud"
"B1","imbiss"
"A1","imm"
"B1","immt"
"B1","impf"
"B1","impfung"
"B1","import"
"B1","ina"
"A2","ind"
"B1","individuell"
"B1","industri"
"A2","ine"
"B1","infektion"
"A1","information"
"A2","informi"
"A2","informiert"
"A2","infotafel"
"B1","infrag"
"A2","ing"
"B1","ingenieur"
"B1","ingt"
"B1","inhalt"
"B1","inhaltspunkt"
"B1","inklusiv"
"B1","inland"
"B1","inn"
"B1","innenstadt"
"B1","innerhalb"
"A1","ins"
"A2","insel"
"B1","inserat"
"B1","insgesamt"
"B1","installi"
"B1","installiert"
"A1","institut"
"A2","instrument"
"A2","int"
"B1","integration"
"B1","integri"
"B1","integriert"
"A2","intelligent"
"B1","intelligenz"
"B1","intelligenzt"
"B1","intensiv"
"B1","intensivkur"
"A2","interessant"
"B1","interess"
"A2","interessi"
"A2","interessiert"
"B1","interkulturel"
"B1","interkulturell"
"A1","international"
"A1","internet"
"B1","internetforum"
"B1","internetnutz"
"A2","interview"
"A1","inventar"
"B1","inzwisch"
"A2","iot"
"B1","irgend"
"B1","irgendein"
"B1","irgendwann"
"B1","irina"
"B1","irr"
"B1","irrst"
"B1","irrt"
"A2","ise"
"A2","isr"
"B1","iss"
"A2","isst"
"A1","ist"
"A2","itali"
"B1","itat"
"A2","ite"
"A2","itnf"
"A2","itt"
"B1","iud"
"B1","iug"
"A2","iutt"
"A2","ıch"
"B1","jaann"
"A1","jack"
"A2","jahr"
"B1","jahreszeit"
"B1","jahrhun"
"A2","jakob"
"A2","jalfurchtbar"
"A2","jam"
"A2","jana"
"B1","janis"
"B1","januar"
"A1","japan"
"A2","jauf"
"B1","jaus"
"B1","jdn"
"B1","jean"
"A1","jed"
"B1","jederzeit"
"B1","jedoch"
"A2","jein"
"B1","jemal"
"A2","jemand"
"B1","jennif"
"A2","jenny"
"A1","jetzt"
"B1","jeweil"
"B1","jja"
"A1","jjed"
"B1","jjemand"
"B1","jjetzt"
"B1","jjung"
"A1","job"
"A2","jogg"
"A2","joggt"
"B1","john"
"B1","jonas"
"B1","jorg"
"A2","jos"
"B1","journalist"
"B1","journalistin"
"A2","jrel"
"A2","juan"
"A2","judith"
"B1","jugenad"
"A1","jugena"
"B1","jugend"
"B1","jugendherberg"
"A2","juli"
"A2","julia"
"A2","julla"
"A1","jung"
"A2","juni"
"B1","kaampft"
"B1","kabel"
"B1","kabin"
"A2","kaff"
"A1","kaffe"
"B1","kaffeehaus"
"B1","kaffeemaschin"
"B1","kais"
"B1","kakao"
"A2","kalend"
"A1","kalt"
"B1","kam"
"A2","kamera"
"B1","kampf"
"B1","kampft"
"A2","kanada"
"B1","kanal"
"B1","kandidat"
"A1","kann"
"B1","kannch"
"B1","kannt"
"B1","kantin"
"B1","kapitel"
"A1","kaputt"
"B1","kaputtgeh"
"B1","kaputtgemacht"
"B1","kaputtmach"
"B1","karim"
"B1","karl"
"B1","karneval"
"B1","karott"
"B1","karri"
"A1","kart"
"B1","kartenburo"
"A2","kartenspiel"
"A2","kartoffel"
"A2","kartoffeln"
"A2","kas"
"A2","kasebrotch"
"A1","kass"
"B1","kassett"
"B1","kast"
"B1","katalog"
"B1","katarina"
"B1","katastroph"
"B1","katharina"
"A2","katz"
"A2","kau"
"B1","kauf"
"B1","kauferin"
"A2","kaufhaus"
"B1","kaufmann"
"A1","kauft"
"B1","kaugummi"
"B1","kaum"
"A1","kein"
"A2","kell"
"B1","kelln"
"B1","kellnerin"
"A2","ken"
"A2","kenn"
"A2","kennengelernt"
"A1","kennenlern"
"B1","kennt"
"B1","kenntnis"
"B1","kennzeich"
"B1","kerz"
"A2","kett"
"A2","kfank"
"B1","kiel"
"A1","kilo"
"A1","kilomet"
"A1","kind"
"B1","kinderbetreu"
"A1","kinderbett"
"B1","kindererzieh"
"A1","kindergart"
"B1","kindheit"
"A1","kino"
"B1","kinokart"
"A2","kinoprogramm"
"A1","kiosk"
"A2","kirch"
"B1","kiss"
"B1","kist"
"A2","kiu"
"A2","kla"
"B1","klag"
"B1","klagt"
"B1","klang"
"B1","klapp"
"A2","klappt"
"A1","klar"
"B1","klara"
"B1","klart"
"A1","klass"
"B1","klassenar"
"B1","klassenarbeit"
"A2","klassenparty"
"A1","klassenzimm"
"A2","klaus"
"A2","klavi"
"B1","kleb"
"B1","klebt"
"B1","klei"
"A2","kleid"
"A1","kleidung"
"A1","klein"
"B1","kleingeld"
"B1","klett"
"B1","klettert"
"B1","klick"
"B1","klickt"
"B1","klima"
"B1","klimaanlag"
"B1","klingel"
"B1","klingeln"
"B1","klingelt"
"B1","kling"
"B1","klingt"
"B1","klinik"
"B1","klopf"
"B1","klopft"
"B1","kloss"
"A2","klub"
"A2","klug"
"A2","kmo"
"B1","knapp"
"B1","kneip"
"B1","knie"
"B1","knoblauch"
"B1","knoch"
"B1","knodel"
"B1","knopf"
"B1","knopfdruck"
"B1","koch"
"B1","kochend"
"B1","kochin"
"A2","kocht"
"A2","koff"
"A1","kolleg"
"A2","kollegin"
"B1","kollwitzstrass"
"A1","koln"
"B1","kom"
"B1","komik"
"A2","komisch"
"A1","komm"
"A1","kommt"
"B1","kommunikation"
"B1","komplett"
"B1","kompliziert"
"B1","kompromiss"
"A2","komst"
"B1","konferenz"
"B1","konfitur"
"B1","konflikt"
"B1","konig"
"B1","konkurrenz"
"A1","konn"
"A2","konnt"
"B1","konsulat"
"B1","konsum"
"B1","konsumi"
"B1","konsumiert"
"A2","kontakt"
"A2","kontaktdat"
"B1","kont"
"A1","konto"
"B1","kontonumm"
"B1","kontroll"
"A2","kontrolli"
"A2","kontrolliert"
"B1","konzent"
"B1","konzentri"
"B1","konzentriert"
"A2","konzert"
"A1","kopf"
"B1","kopfkiss"
"B1","kopfschmerz"
"B1","kopi"
"A2","korp"
"B1","korrekt"
"B1","korridor"
"B1","korrigi"
"B1","korrigiert"
"A2","kosmet"
"A2","kost"
"A2","kostenlos"
"A1","kostet"
"B1","kostum"
"A2","kpnnen"
"B1","kraft"
"B1","kraftfahrzeug"
"B1","kraftig"
"B1","kraftwerk"
"A1","krank"
"A2","krankenhaus"
"B1","krankenkass"
"B1","krankenpfleg"
"A2","krankenschw"
"B1","krankenwag"
"A2","krankheit"
"B1","kreativ"
"A2","kredit"
"B1","kreditkart"
"B1","kreis"
"B1","kreuz"
"A2","kreuzung"
"B1","krieg"
"B1","kriegt"
"B1","krimi"
"B1","kriminal"
"B1","kriminalpolizei"
"B1","kriminalpolizel"
"B1","krimis"
"B1","kris"
"B1","kritik"
"B1","kritisch"
"B1","kritisi"
"B1","kritisiert"
"A2","kti"
"A1","kuch"
"B1","kuchenmaschin"
"A2","kugelschrab"
"A1","kugelschreib"
"B1","kuh"
"A2","kuhl"
"A1","kuhlschrank"
"B1","kuli"
"B1","kulis"
"A2","kultur"
"A1","kulturell"
"B1","kumm"
"A2","kummert"
"B1","kun"
"A2","kund"
"B1","kundig"
"B1","kundigt"
"A2","kundin"
"A2","kunst"
"B1","kunstl"
"B1","kunstlerin"
"B1","kunstlich"
"A2","kunstmuseum"
"B1","kunststoff"
"A2","kunz"
"A1","kur"
"A2","kursbuch"
"B1","kurs"
"B1","kursgrupp"
"B1","kursleit"
"B1","kursleiterin"
"A2","kurstag"
"B1","kurv"
"A1","kurz"
"A2","kurzg"
"B1","kurzlich"
"A2","kurzz"
"B1","kuss"
"B1","kusst"
"B1","kust"
"B1","kuvert"
"A2","laang"
"A2","lab"
"B1","lacheln"
"B1","lachelt"
"A1","lach"
"A2","lacht"
"B1","lad"
"A2","ladt"
"B1","ladung"
"B1","lag"
"A2","lamp"
"A2","lanchmal"
"A1","land"
"B1","landet"
"A2","landschaft"
"B1","landstrass"
"B1","landung"
"B1","landwirtschaft"
"A1","lang"
"B1","langeweil"
"A2","langsam"
"B1","langweil"
"B1","langweilt"
"A2","langwell"
"B1","langzeitstudier"
"A2","laptop"
"A2","lara"
"B1","larm"
"B1","lar"
"B1","larzt"
"B1","las"
"A2","lass"
"B1","lasst"
"B1","last"
"A1","lastkraftwag"
"B1","lauf"
"B1","lauft"
"B1","laufwerk"
"B1","laun"
"A2","laura"
"A1","laut"
"B1","lautsprech"
"A2","lch"
"A2","lcht"
"A2","lclh"
"A2","ldhetr"
"A1","leb"
"B1","lebenslauf"
"A2","lebensmittel"
"B1","lebensmitteln"
"B1","lebensmittelpreis"
"A1","lebt"
"B1","leck"
"A2","led"
"A1","ledig"
"A2","leer"
"A2","lef"
"B1","leg"
"B1","legst"
"B1","legt"
"B1","lehnt"
"B1","lehr"
"B1","lehrerin"
"B1","lehrling"
"B1","lehrstell"
"A1","leicht"
"A2","leid"
"B1","leidet"
"B1","leidgetan"
"A2","leidtun"
"A2","leig"
"A2","leih"
"B1","leiht"
"A1","leis"
"B1","leist"
"B1","leistet"
"B1","leistung"
"B1","leit"
"B1","leiterin"
"B1","leitet"
"B1","leitung"
"B1","leld"
"A2","lena"
"A2","lénd"
"B1","leonid"
"A2","ler"
"B1","lerin"
"B1","lern"
"B1","lernerin"
"A2","lernt"
"A1","les"
"B1","leserbrief"
"B1","leserin"
"B1","leserinn"
"A2","letzt"
"A1","leut"
"B1","lexika"
"B1","lexikon"
"B1","lich"
"A1","licht"
"B1","lichtschalt"
"B1","lieb"
"A2","liebl"
"A1","liebling"
"A2","lieblingsband"
"B1","lieblingsess"
"A2","lieblingsfach"
"A2","lieblingsfarb"
"B1","lieblingsfilm"
"A2","lieblingsgemus"
"B1","lieblingsgericht"
"B1","lieblingsgetrank"
"A1","lieblingslied"
"A2","lieblingsmannschaft"
"A2","lieblingssang"
"A2","lieblingsti"
"A2","liebt"
"A1","lied"
"B1","lief"
"B1","liefert"
"B1","liefer"
"A2","lieg"
"A1","liegt"
"B1","lieh"
"B1","lienstand"
"A1","lies"
"B1","liess"
"A2","liest"
"B1","lift"
"B1","limonad"
"B1","lini"
"A2","link"
"B1","lipp"
"A2","lisa"
"B1","list"
"B1","lit"
"B1","literatur"
"B1","litt"
"A2","lknegksagretteratr"
"B1","lkw"
"B1","lkws"
"A2","llch"
"B1","lleb"
"A2","llegt"
"A2","llkomm"
"A2","lll"
"A2","lnc"
"B1","lob"
"B1","lobt"
"B1","loch"
"A2","lochl"
"B1","lock"
"A2","loffel"
"B1","logisch"
"B1","lohn"
"B1","lohnerhoh"
"B1","lohnt"
"A1","lokal"
"A2","london"
"B1","los"
"B1","losch"
"B1","loscht"
"B1","losfahr"
"B1","losgefahr"
"B1","losig"
"B1","lost"
"A1","losung"
"A2","lott"
"B1","lotto"
"A2","lsc"
"A2","lucia"
"B1","lud"
"B1","ludin"
"B1","luft"
"A2","lug"
"A2","lugt"
"B1","luigi"
"A2","luis"
"B1","lung"
"A2","lusehumtrana"
"A2","lust"
"A1","lustig"
"B1","maantel"
"A1","mach"
"A2","machs"
"A1","macht"
"A2","macn"
"B1","madch"
"A1","mag"
"B1","magazin"
"B1","magenschmerz"
"A2","magst"
"B1","mahlzeit"
"B1","mahnung"
"B1","mai"
"B1","maier"
"A1","mail"
"A2","mailbox"
"A2","main"
"A1","mainz"
"A1","mal"
"B1","malerin"
"B1","mali"
"A2","mall"
"B1","malt"
"B1","mama"
"A1","man"
"B1","manch"
"A2","manchmal"
"B1","mangel"
"A1","mann"
"A2","mannheim"
"A2","mannlich"
"B1","mannn"
"A2","mannschaft"
"A2","mantel"
"B1","mapp"
"A2","mar"
"B1","march"
"B1","margarin"
"B1","maria"
"B1","marill"
"B1","mario"
"A2","mark"
"B1","markenschuh"
"B1","marki"
"B1","markiert"
"A2","markt"
"A2","marla"
"B1","marmelad"
"A1","marquez"
"A2","marz"
"A2","maschin"
"B1","mass"
"B1","mat"
"B1","material"
"B1","mathemat"
"B1","matura"
"B1","mau"
"B1","maus"
"B1","maustast"
"B1","mavu"
"A2","max"
"B1","maximal"
"A2","mcht"
"B1","mechan"
"B1","mechanikerin"
"B1","medi"
"B1","medika"
"A2","medikament"
"B1","medizin"
"A2","meei"
"A2","meen"
"A1","meer"
"B1","mehl"
"A1","mehr"
"B1","mehrheit"
"B1","mehrwertsteu"
"A2","mei"
"A1","meier"
"A1","mein"
"B1","meinetweg"
"B1","meint"
"A2","meinung"
"A2","meist"
"B1","meld"
"B1","meldet"
"B1","meldung"
"A2","meln"
"A2","mem"
"B1","men"
"A2","meng"
"B1","mensa"
"A2","mensch"
"B1","menschlich"
"B1","ment"
"B1","menu"
"A2","mer"
"B1","merced"
"A2","merk"
"B1","merkt"
"B1","merkwurd"
"A1","mert"
"B1","mess"
"A2","messeplatz"
"B1","metall"
"A2","met"
"B1","method"
"B1","metropol"
"B1","metzg"
"B1","mey"
"A2","mgssen"
"A1","mich"
"A2","michael"
"A1","michaela"
"A2","michel"
"A1","miet"
"B1","mieterin"
"B1","mietet"
"B1","mietvertrag"
"B1","migrant"
"B1","migrantin"
"B1","migration"
"A1","milch"
"B1","mild"
"B1","million"
"B1","mind"
"A2","mindest"
"A2","mineral"
"A2","mineralwass"
"B1","minimal"
"B1","minist"
"B1","minut"
"B1","mio"
"A1","mir"
"B1","mirko"
"B1","misch"
"B1","mischt"
"B1","miss"
"B1","misserfolg"
"B1","misst"
"B1","misstrau"
"B1","missverstand"
"B1","missverstandnis"
"A1","mit"
"A2","mitarbeit"
"B1","mitarbeiterin"
"A1","mitbring"
"B1","mitdiskuti"
"B1","miteinand"
"B1","mitfahr"
"B1","mitg"
"B1","mitgeb"
"B1","mitgebracht"
"B1","mitgeteilt"
"B1","mitglied"
"B1","mitgliedsausweis"
"B1","mitgliedsbeitrag"
"B1","mitkomm"
"A2","mitmach"
"A1","mitnehm"
"B1","mitspiel"
"B1","mittag"
"A2","mittagess"
"A2","mittagspaus"
"A1","mitt"
"B1","mitteil"
"A2","mittel"
"B1","mittl"
"B1","mittlerweil"
"A2","mittwochab"
"B1","mittwoch"
"B1","mmach"
"A2","mmacht"
"A2","mmein"
"A2","mmen"
"A2","mmer"
"A2","mmmanch"
"A2","mmmanchmal"
"B1","mmmog"
"B1","mmmuss"
"A2","mmoglich"
"A2","mmten"
"B1","mmuss"
"B1","mmuuss"
"A2","mnot"
"A1","mobel"
"B1","mobelfirma"
"B1","mobil"
"B1","mobilbox"
"B1","mobilitat"
"B1","mobiltelefon"
"B1","mobliert"
"A2","mocet"
"A2","mocht"
"A2","mochtet"
"B1","modalverb"
"A2","mod"
"B1","modell"
"B1","modern"
"B1","modul"
"B1","mog"
"A1","moglich"
"B1","moglicherweis"
"B1","mohamed"
"B1","mohr"
"A2","molly"
"A1","moment"
"A1","monat"
"A2","monats"
"B1","mond"
"B1","mone"
"B1","monitor"
"B1","monnnail"
"B1","monopoly"
"A1","montag"
"A1","morg"
"A2","morgenn"
"A2","motor"
"B1","motorrad"
"A2","motorroll"
"A2","mount"
"A2","mrpen"
"B1","muck"
"A1","mud"
"B1","muh"
"A2","mull"
"B1","mullabfuhr"
"B1","mullsack"
"B1","mulltonn"
"A1","munch"
"B1","munchn"
"A1","mund"
"B1","mundlich"
"A2","mun"
"B1","munz"
"B1","muse"
"A2","museum"
"A2","musik"
"B1","musikal"
"B1","musikanlag"
"B1","musikerin"
"B1","musikgrupp"
"B1","musikinstrument"
"B1","musikkassett"
"B1","musikunterricht"
"B1","musili"
"B1","muskel"
"B1","muskeln"
"B1","musli"
"A1","muss"
"A2","musss"
"A1","musst"
"B1","mut"
"B1","mutig"
"A1","mutt"
"B1","muttersprach"
"A2","mutz"
"B1","muuesli"
"B1","muuss"
"B1","mwas"
"B1","mwer"
"B1","mwir"
"B1","naach"
"A2","nac"
"A1","nach"
"A2","nachbar"
"A2","nachbarin"
"B1","nachbarland"
"A2","nachbarn"
"B1","nachbarschul"
"B1","nachd"
"B1","nachdenk"
"B1","nachfrag"
"B1","nachgedacht"
"B1","nachgeschlag"
"B1","nachh"
"B1","nachhilf"
"B1","nachmittag"
"B1","nachnam"
"A2","nachricht"
"B1","nachschau"
"B1","nachschlag"
"B1","nachseh"
"B1","nachsend"
"B1","nachspeis"
"A2","nacht"
"B1","nachteil"
"B1","nachtisch"
"B1","nachwuch"
"A2","nacn"
"A2","nacndamn"
"A2","nad"
"B1","nadel"
"A2","nadin"
"B1","nagel"
"B1","nah"
"B1","nahert"
"B1","nahm"
"B1","nahrungsmittel"
"B1","naht"
"B1","nam"
"B1","namlich"
"B1","nancy"
"B1","nannt"
"B1","nas"
"B1","nasentropf"
"A2","nass"
"A2","nat"
"B1","natascha"
"B1","national"
"B1","nationalmannschaft"
"A2","natur"
"A2","nderfghul"
"A2","nea"
"B1","nebel"
"A2","neb"
"A2","nebenan"
"B1","nebenbei"
"A2","nebli"
"A2","neblig"
"A2","nee"
"A2","neeu"
"B1","neff"
"B1","negativ"
"A1","nehm"
"A1","nein"
"A2","nel"
"A2","nelf"
"A2","nen"
"A2","nend"
"A2","nenn"
"B1","nennt"
"A2","ner"
"B1","nerv"
"B1","nervenkrank"
"A2","nervos"
"B1","ness"
"A2","nessrin"
"A2","netr"
"A2","nett"
"B1","netz"
"B1","netzwerk"
"A1","neu"
"B1","neubauwohn"
"B1","neugier"
"B1","neuig"
"A2","neul"
"B1","neulich"
"A2","neun"
"A2","neuschwanstein"
"B1","neuss"
"A2","neuvu"
"A2","nev"
"B1","nevu"
"B1","new"
"A1","nicht"
"B1","nichtrauch"
"B1","nichtraucherbereich"
"B1","nichtraucherin"
"B1","nichtraucherzimm"
"A2","nick"
"B1","nickt"
"A1","nie"
"B1","niedrig"
"B1","niemal"
"B1","nieman"
"A2","niemand"
"B1","nikos"
"A2","nimm"
"B1","nimmt"
"B1","nina"
"A2","nirgend"
"B1","nirgendwo"
"A2","nıcht"
"A2","nler"
"A2","nme"
"A2","nne"
"B1","nneu"
"A1","noch"
"B1","nochmal"
"B1","nord"
"A1","norddeutsch"
"B1","nordse"
"A1","normal"
"B1","normalerweis"
"B1","not"
"B1","notaufnahm"
"B1","notausgang"
"B1","notfall"
"A2","noti"
"A2","notiert"
"B1","notig"
"A2","notiz"
"B1","notizzettel"
"B1","notruf"
"A2","notwend"
"A2","nst"
"A2","ntschulfiaung"
"B1","nudel"
"A2","nudeln"
"B1","null"
"B1","num"
"A1","numm"
"B1","nun"
"B1","nung"
"A1","nur"
"A2","nurem"
"B1","nutz"
"A2","nutzlich"
"B1","nutzt"
"B1","nuutz"
"A2","oarur"
"A1","oben"
"B1","ober"
"B1","oberst"
"B1","oberweg"
"A1","obst"
"B1","obwohl"
"A2","ode"
"A1","oder"
"A2","oelt"
"A2","ofaucnl"
"B1","ofen"
"A2","off"
"A2","offenbach"
"B1","offenbar"
"B1","offent"
"B1","offiziell"
"A1","offn"
"B1","offnet"
"A1","oft"
"A1","ohn"
"B1","ohr"
"B1","ohrenschmerz"
"A2","oht"
"A2","oig"
"B1","oko"
"B1","okolad"
"B1","okolog"
"B1","okostrom"
"B1","oktob"
"A2","ole"
"B1","oleg"
"A2","olen"
"B1","oliv"
"A2","oltt"
"A1","oma"
"A2","omat"
"A2","omi"
"A2","omms"
"B1","onkel"
"A2","onlin"
"A2","onn"
"A1","opa"
"B1","opel"
"B1","oper"
"B1","operation"
"B1","operi"
"B1","operiert"
"B1","opern"
"B1","opf"
"A2","oportplalz"
"B1","optimist"
"B1","orang"
"B1","orch"
"B1","ordent"
"B1","ordination"
"B1","ordn"
"B1","ordnet"
"A1","ordnung"
"A2","oren"
"B1","organisation"
"A2","organisi"
"A2","organisiert"
"B1","original"
"A2","orstellenl"
"A1","ort"
"A2","orterbu"
"B1","oskar"
"A1","ost"
"A2","osterreich"
"B1","osteuropa"
"B1","ostse"
"B1","ozean"
"B1","ozg"
"A1","paar"
"A2","pack"
"B1","packch"
"A2","packt"
"B1","packung"
"A2","paket"
"A2","pakt"
"A2","pamela"
"B1","pann"
"A1","papi"
"B1","paradeis"
"B1","parall"
"B1","parallel"
"A2","parfum"
"A2","paris"
"A2","park"
"A2","parkeg"
"B1","parki"
"B1","parkiert"
"B1","parkplatz"
"B1","parkt"
"B1","parlament"
"B1","partei"
"B1","partn"
"A1","partnerin"
"A2","partnert"
"A1","party"
"B1","pascal"
"A1","pass"
"B1","passagi"
"B1","passagierin"
"B1","passi"
"A2","passiert"
"B1","passiv"
"B1","passkontroll"
"A2","passt"
"A2","passwort"
"B1","pasta"
"B1","patient"
"B1","patientin"
"A1","paul"
"B1","pauschal"
"A1","paus"
"B1","pdasst"
"B1","pech"
"B1","pedro"
"B1","peinlich"
"B1","pen"
"B1","pension"
"B1","pensioniert"
"B1","pensionist"
"B1","pensionistin"
"B1","per"
"B1","perfekt"
"B1","permarkt"
"B1","perron"
"B1","perserteppich"
"A2","person"
"B1","personal"
"B1","personali"
"B1","personenstand"
"A1","pet"
"B1","petra"
"B1","pfann"
"B1","pfeff"
"A2","pferd"
"B1","pflanz"
"B1","pflanzt"
"B1","pflast"
"B1","pflaum"
"B1","pflaumenkuch"
"B1","pfleg"
"B1","pflegerin"
"B1","pflegt"
"B1","pflicht"
"A2","pfraum"
"A1","pfund"
"B1","phantasi"
"A2","picasso"
"B1","picknick"
"B1","pill"
"B1","pilz"
"A2","pizza"
"B1","pizz"
"A2","plakat"
"A1","plan"
"B1","plant"
"B1","planung"
"B1","plastik"
"A1","platz"
"A2","plotzlich"
"B1","plural"
"A2","pnchst"
"A1","pol"
"B1","polit"
"B1","politikerin"
"A2","polizei"
"A1","polizel"
"B1","polizist"
"B1","polizistin"
"A1","pomm"
"A2","por"
"B1","port"
"B1","portemonnai"
"B1","portiert"
"A2","portion"
"B1","portmone"
"B1","portugies"
"B1","position"
"B1","positiv"
"A1","post"
"A2","postkart"
"A2","postleit"
"A1","postleitzahl"
"B1","postl"
"B1","postlerin"
"B1","postsend"
"B1","poststempel"
"B1","potsdam"
"B1","poulet"
"A2","ppeldl"
"B1","praktika"
"B1","praktikant"
"B1","praktikantin"
"A1","praktikum"
"A2","praktisch"
"B1","pralin"
"B1","praposition"
"B1","prasentation"
"B1","prasenti"
"B1","prasident"
"B1","prax"
"A1","praxis"
"A1","preis"
"A2","preiswert"
"B1","press"
"B1","prima"
"A2","privat"
"A2","pro"
"A2","prob"
"A2","probi"
"A2","probiert"
"A1","probl"
"B1","problem"
"B1","produkt"
"B1","produktion"
"B1","produzi"
"B1","produziert"
"B1","professor"
"B1","professorin"
"B1","profi"
"B1","profisportl"
"B1","profisportlerin"
"A2","programm"
"B1","programmander"
"A2","proiekt"
"A2","projekt"
"A1","prospekt"
"B1","prost"
"B1","prot"
"B1","protesti"
"B1","protestiert"
"B1","prozent"
"B1","prozess"
"A2","pruf"
"B1","pruft"
"A1","prufung"
"B1","prufungsort"
"B1","prufungstermin"
"B1","publikum"
"A2","pullov"
"A2","puni"
"B1","punkt"
"A1","punktlich"
"A2","punt"
"B1","pupp"
"B1","putz"
"A2","putzt"
"A2","qmb"
"A2","qnen"
"B1","qualifikation"
"A2","qualitat"
"B1","quarti"
"B1","quer"
"B1","quittung"
"A2","quiz"
"A2","quizsend"
"A2","quz"
"B1","raaumt"
"B1","rabatt"
"A1","rad"
"B1","radeis"
"B1","radfahr"
"B1","radfahrerin"
"A2","radio"
"A2","ragl"
"B1","rahm"
"A2","rallt"
"A2","rammstein"
"B1","rand"
"B1","rannt"
"B1","rant"
"B1","ras"
"B1","rasi"
"B1","rasiert"
"B1","rat"
"B1","ratespiel"
"A2","rathaus"
"B1","ratschlag"
"A2","ratsel"
"B1","rau"
"A2","rauch"
"B1","raucherin"
"B1","raucht"
"B1","rauchverbot"
"B1","rauf"
"B1","raufkomm"
"A1","raum"
"A2","raumt"
"A2","raus"
"A2","rausbring"
"A2","rausch"
"B1","rausgefund"
"B1","rausgelauf"
"A2","rauskomm"
"B1","rauus"
"B1","reagi"
"B1","reagiert"
"B1","reaktion"
"B1","realisi"
"B1","realisiert"
"B1","realist"
"B1","realitat"
"B1","reception"
"B1","recherch"
"A2","rechn"
"B1","rechnet"
"A1","rechnung"
"B1","rechnungsnumm"
"A2","recht"
"B1","rechtlich"
"B1","rechtzeit"
"A2","red"
"B1","redet"
"B1","reduzi"
"B1","reduziert"
"B1","referat"
"B1","reform"
"B1","regal"
"B1","regel"
"B1","regelmass"
"B1","regeln"
"B1","regelt"
"A1","reg"
"B1","regenschirm"
"B1","regentropf"
"B1","regier"
"B1","region"
"B1","regional"
"B1","regionalbahn"
"A2","regn"
"A1","regnet"
"B1","regt"
"A2","rei"
"A2","reich"
"B1","reicht"
"B1","reif"
"A2","reih"
"B1","reihenfolg"
"A2","rein"
"B1","reingeh"
"B1","reinig"
"B1","reinigt"
"A2","reinkomm"
"A1","reis"
"A1","reiseburo"
"B1","reisebuuro"
"A1","reisefuhr"
"B1","reiseleiterin"
"B1","reiseorganisation"
"B1","reist"
"A2","reit"
"A2","reitet"
"B1","reklam"
"B1","rekord"
"B1","relativ"
"B1","religion"
"B1","renn"
"B1","rennfahr"
"B1","rennt"
"A2","renovi"
"A2","renoviert"
"B1","renovier"
"B1","rent"
"A2","rentn"
"B1","rentnerin"
"A1","reparatur"
"A2","repari"
"B1","reparierst"
"A2","repariert"
"A2","reparlert"
"B1","reportag"
"B1","report"
"B1","reporterin"
"A2","reservi"
"A2","reserviert"
"B1","reservier"
"B1","respekt"
"A2","rest"
"B1","restau"
"A1","restaurant"
"B1","rett"
"B1","rettet"
"A2","reu"
"A2","rezept"
"B1","rezeptfrei"
"A1","rezeption"
"A1","rhein"
"A2","ricardo"
"B1","richt"
"B1","richterin"
"B1","richtet"
"A1","richtig"
"B1","richtung"
"B1","rico"
"A2","riech"
"A2","riecht"
"B1","rief"
"B1","riesig"
"B1","riet"
"B1","rinaldo"
"A2","rind"
"A2","ring"
"B1","risik"
"B1","risiko"
"A2","rita"
"B1","ritt"
"A2","riutt"
"A2","rlnlhr"
"A2","rnuss"
"A2","robert"
"B1","roberto"
"B1","roch"
"A2","rock"
"B1","roh"
"B1","rohr"
"B1","roll"
"B1","rom"
"B1","roman"
"A2","romant"
"A2","romeo"
"B1","romisch"
"B1","ros"
"A2","rot"
"B1","rrigiert"
"A2","rte"
"A2","rtslcth"
"B1","ruck"
"B1","ruckfahrt"
"B1","ruckkehr"
"A2","rucksack"
"B1","ruckseit"
"B1","rucksicht"
"B1","ruckwart"
"A2","rudesheim"
"B1","ruebli"
"A2","ruf"
"B1","rufnumm"
"A2","rufst"
"A2","ruft"
"A2","rug"
"A2","ruh"
"B1","ruhetag"
"A2","ruhi"
"A2","ruhig"
"A2","ruhm"
"A2","ruht"
"A2","rund"
"B1","rundfahrt"
"B1","rundfunk"
"A2","rundgang"
"A2","rundreis"
"A2","rung"
"B1","runt"
"B1","runtergelad"
"B1","runtergeworf"
"B1","runterwerf"
"A2","russisch"
"B1","saal"
"A2","saarbruck"
"A2","sach"
"B1","sack"
"A2","saft"
"A2","sag"
"A2","sagt"
"B1","sah"
"B1","sahn"
"B1","saison"
"A1","salat"
"B1","salb"
"B1","sal"
"B1","salon"
"A1","salz"
"B1","salzburg"
"B1","salzig"
"A2","sammeln"
"A2","sammelt"
"A2","samstag"
"B1","samstagab"
"B1","samtlich"
"B1","sand"
"B1","sandt"
"A2","sandung"
"B1","sang"
"B1","sangerin"
"B1","sank"
"B1","sant"
"A2","sarah"
"B1","sass"
"B1","satt"
"A1","satz"
"B1","saub"
"B1","sauc"
"A2","saueg"
"B1","sau"
"B1","sav"
"A2","scden"
"A2","scdqr"
"A2","sch"
"B1","schacht"
"B1","schachtel"
"B1","schad"
"B1","schadet"
"A2","schadlich"
"A2","schaff"
"B1","schafft"
"B1","schaft"
"B1","schalt"
"B1","schaltet"
"A2","scharf"
"B1","schatt"
"B1","schatz"
"B1","schatzt"
"B1","schau"
"B1","schaufen"
"B1","schauspiel"
"B1","schauspielerin"
"A2","schaust"
"B1","schaut"
"A2","schavu"
"B1","scheib"
"B1","scheid"
"B1","scheidet"
"B1","scheidung"
"B1","schein"
"A1","scheint"
"A2","schen"
"B1","schenk"
"A2","schenkt"
"A2","scher"
"B1","schi"
"B1","schick"
"B1","schickt"
"B1","schieb"
"B1","schiebt"
"B1","schief"
"B1","schien"
"B1","schiess"
"B1","schiesst"
"A2","schiff"
"B1","schiffskatastroph"
"A1","schild"
"A1","schillerstrass"
"A2","schimpf"
"B1","schimpft"
"B1","schink"
"A1","schinkenbrot"
"A2","schirm"
"B1","schlaf"
"A2","schlaft"
"A2","schlafzimm"
"B1","schlag"
"B1","schlagob"
"B1","schlagt"
"B1","schlang"
"B1","schlank"
"A1","schlecht"
"B1","schlief"
"B1","schliess"
"B1","schliesslich"
"A2","schliesst"
"A2","schlimm"
"A2","schloss"
"B1","schlug"
"A1","schluss"
"A1","schlussel"
"B1","schmal"
"A2","schmeck"
"A1","schmeckt"
"B1","schmerz"
"B1","schmerzmittel"
"B1","schmerztablett"
"A1","schmidt"
"B1","schmink"
"B1","schminkt"
"A2","schmitt"
"B1","schmuck"
"B1","schmutz"
"A2","schmutzig"
"B1","schmutzung"
"B1","schnallt"
"A2","schnee"
"B1","schneid"
"A2","schneidet"
"B1","schneien"
"A2","schneit"
"A1","schnell"
"B1","schnitt"
"B1","schnitzel"
"B1","schnupf"
"B1","schob"
"A2","schokolad"
"B1","schokoladeneis"
"B1","schokoladenglac"
"A2","schokoladenkuch"
"A1","schon"
"B1","schopft"
"B1","schoss"
"A1","schrank"
"B1","schreck"
"A2","schrecklich"
"A2","schrecklick"
"A2","schreib"
"B1","schreibheft"
"A1","schreibt"
"B1","schreibtisch"
"B1","schreien"
"B1","schreit"
"B1","schrie"
"B1","schrieb"
"B1","schrift"
"A2","schriftlich"
"B1","schriftstell"
"B1","schriftstellerin"
"B1","schritt"
"B1","schu"
"A2","schuh"
"B1","schuhgeschaft"
"B1","schulabschluss"
"B1","schularbeit"
"B1","schulbus"
"B1","schuld"
"B1","schuldig"
"A1","schul"
"B1","schulerin"
"A2","schulerinn"
"B1","schulferi"
"B1","schulklass"
"B1","schult"
"B1","schulz"
"B1","schumach"
"B1","schussel"
"B1","schust"
"B1","schutteln"
"B1","schuttelt"
"B1","schutz"
"B1","schutzfaktor"
"B1","schutzt"
"A2","schwach"
"B1","schwag"
"B1","schwamm"
"B1","schwammerln"
"A2","schwang"
"B1","schwangerschaft"
"B1","schwarzbrot"
"A1","schwarz"
"B1","schwarzfahr"
"B1","schwarzwald"
"B1","schweig"
"B1","schweigt"
"A2","schwein"
"A2","schweinefleisch"
"A1","schweiz"
"A1","schwer"
"A1","schwest"
"A2","schwi"
"B1","schwieg"
"B1","schwiegerelt"
"B1","schwiegertocht"
"B1","schwiegervat"
"A2","schwierig"
"A2","schwimm"
"A1","schwimmbad"
"B1","schwimmt"
"A2","schwitim"
"A2","schwitito"
"B1","schwitz"
"B1","schwitzt"
"A2","scn"
"A2","seb"
"A2","sec"
"A2","sech"
"B1","sechserpack"
"A1","see"
"B1","seeluft"
"B1","seeuf"
"A2","seh"
"A2","sehang"
"B1","sehenswurd"
"A1","sehr"
"B1","sei"
"A2","seid"
"B1","seien"
"A2","seif"
"A1","sein"
"A1","seit"
"B1","seitd"
"B1","sekretar"
"B1","sekretarin"
"B1","sekund"
"B1","selb"
"A1","selbststand"
"B1","selbstverstand"
"A2","seln"
"A1","selt"
"B1","seltsam"
"B1","sem"
"B1","seminar"
"B1","semmel"
"B1","semmeln"
"B1","sen"
"B1","send"
"B1","sendet"
"A2","sendung"
"B1","senior"
"B1","seniorenheim"
"B1","senkrecht"
"A2","senn"
"A2","septemb"
"A2","ser"
"B1","seri"
"A2","servic"
"B1","serviceangestellt"
"B1","serviert"
"A2","seschmatt"
"B1","sessel"
"B1","set"
"A2","setz"
"B1","setzt"
"A2","setzung"
"A2","sewesecn"
"A2","shirt"
"A2","sibt"
"A1","sich"
"B1","sichert"
"B1","sicher"
"B1","sichtbar"
"A1","sie"
"A2","sieb"
"B1","sieg"
"B1","siegerin"
"B1","siegt"
"A2","sieh"
"A2","sieht"
"A2","siem"
"A2","sient"
"B1","siez"
"B1","siezt"
"A2","silvana"
"A2","sim"
"A2","sin"
"A2","sina"
"A1","sind"
"A2","sing"
"A2","singt"
"B1","sink"
"B1","sinkt"
"B1","sinn"
"B1","sinnlos"
"B1","sinnvoll"
"A2","sino"
"A2","sioeien"
"B1","sioniert"
"A2","sirc"
"A2","situation"
"B1","sitz"
"B1","sitzplatz"
"A2","sitzt"
"A2","ski"
"B1","skier"
"B1","skifahr"
"A2","sle"
"A2","slent"
"A2","snohcn"
"A2","snr"
"B1","sobald"
"B1","sock"
"B1","sodass"
"A1","sofa"
"B1","sofia"
"A1","sofort"
"A2","sogar"
"B1","sogenannt"
"A1","sohn"
"B1","solang"
"B1","solch"
"A1","soll"
"B1","sollt"
"A1","somm"
"B1","sommerfahrplan"
"B1","sommerferi"
"B1","sommerf"
"B1","sommerurlaub"
"B1","sond"
"B1","sonderangebot"
"B1","sonderpreis"
"B1","sonenstand"
"B1","sonja"
"A1","sonn"
"A2","sonnig"
"A2","sonntag"
"A2","sonst"
"B1","soowieso"
"B1","sorg"
"B1","sorgt"
"B1","sorry"
"B1","soss"
"B1","souvenir"
"B1","sovi"
"B1","soviel"
"B1","sowieso"
"B1","sowohl"
"B1","sozial"
"B1","sozialarbeit"
"B1","sozialarbeiterin"
"A1","spaat"
"A1","spani"
"B1","spanisch"
"A2","spanl"
"A2","spannend"
"B1","spar"
"B1","sparkonto"
"B1","sparsam"
"B1","spart"
"A2","spass"
"B1","spat"
"B1","spatest"
"A2","spazief"
"A2","spazi"
"B1","spaziergang"
"A2","spe"
"B1","speicherkart"
"A2","speich"
"B1","speichert"
"B1","speis"
"A1","speisekart"
"B1","speisewag"
"B1","spezial"
"B1","spezialist"
"B1","spezialistin"
"B1","spezialpfleg"
"B1","speziell"
"B1","spie"
"B1","spiegel"
"A1","spiel"
"B1","spielerin"
"B1","spielplatz"
"A1","spielt"
"B1","spielzeug"
"B1","spitz"
"A2","spnsch"
"A1","sport"
"B1","sportart"
"B1","sporthall"
"B1","sportl"
"B1","sportlerin"
"A2","sportlich"
"A2","sportplatz"
"B1","sportprojekt"
"A1","sportschuh"
"A2","sportverein"
"B1","sprach"
"B1","sprachinstitut"
"B1","sprachkenntnis"
"B1","sprachkur"
"B1","sprachkurs"
"B1","sprachschul"
"B1","sprang"
"A2","sprech"
"A2","sprechstund"
"B1","sprich"
"A2","spricht"
"B1","spring"
"B1","springt"
"B1","spritz"
"B1","sproch"
"B1","spul"
"B1","spult"
"B1","spur"
"B1","spurt"
"B1","spuult"
"A2","sse"
"A2","ssie"
"B1","ssodass"
"A2","ssogar"
"B1","ssowohl"
"A2","ssuch"
"B1","staat"
"B1","stach"
"A2","stack"
"B1","stadi"
"B1","stadion"
"A1","stadt"
"B1","stadtbibliothek"
"B1","stadthall"
"B1","stadtisch"
"A2","stadtplan"
"B1","stadtrundfahrt"
"B1","stadtteil"
"A2","stadttour"
"A2","stadtzentrum"
"B1","stahl"
"B1","stamm"
"B1","stammt"
"A2","stancn"
"B1","stand"
"B1","standig"
"B1","standpunkt"
"B1","stank"
"A2","star"
"B1","starb"
"A2","stark"
"A1","starnberg"
"B1","start"
"B1","startet"
"B1","station"
"B1","statist"
"A2","statt"
"B1","stattfind"
"B1","stattgefund"
"B1","stau"
"B1","staub"
"B1","staubsaug"
"B1","staubsaugt"
"B1","stauend"
"B1","stauu"
"B1","stech"
"B1","steckdos"
"B1","steck"
"B1","steckt"
"B1","stefan"
"B1","steffi"
"B1","steh"
"B1","stehl"
"A1","steht"
"A2","steig"
"A2","steigt"
"B1","steil"
"B1","stein"
"A2","stell"
"A2","stellenangebot"
"A2","stellt"
"B1","stempel"
"B1","sten"
"B1","sterb"
"B1","stern"
"B1","steuererklar"
"B1","steuerkart"
"B1","steu"
"B1","stev"
"B1","steward"
"B1","stewardess"
"B1","sticht"
"A2","stiefel"
"B1","stieg"
"B1","stiegenhaus"
"B1","stiehlt"
"B1","stiess"
"A2","stift"
"B1","stil"
"B1","stilist"
"B1","still"
"B1","stimm"
"A2","stimmt"
"B1","stimmung"
"B1","stink"
"B1","stinkt"
"A2","stip"
"A2","stipendium"
"B1","stirbt"
"B1","stlerinn"
"A1","stock"
"B1","stockwerk"
"A2","stofan"
"B1","stoff"
"B1","stolz"
"B1","stopp"
"B1","stoppt"
"B1","stor"
"A2","stort"
"B1","storung"
"B1","stoss"
"B1","stosst"
"B1","strafbar"
"B1","straf"
"B1","strafzettel"
"A2","strand"
"A1","strass"
"A1","strassenbahn"
"B1","strassenrand"
"B1","strassenverkehr"
"B1","stre"
"B1","streck"
"B1","streich"
"B1","streichholz"
"B1","streik"
"B1","streikt"
"B1","streit"
"B1","streitet"
"A2","streng"
"B1","strengt"
"A2","stress"
"A2","stressig"
"B1","strich"
"B1","stritt"
"B1","strom"
"B1","strumpf"
"A2","stuck"
"A2","student"
"A2","studentin"
"B1","studentinn"
"B1","studi"
"B1","studier"
"A2","studiert"
"B1","studio"
"A1","studium"
"B1","stuf"
"A2","stuhl"
"B1","stumm"
"A1","stund"
"B1","sturm"
"B1","sturz"
"B1","sturzt"
"A1","stuttgart"
"B1","such"
"A2","sucht"
"B1","suchtig"
"B1","suchtmittel"
"B1","sudamerika"
"B1","sudbahnhof"
"B1","suddeutschland"
"B1","sud"
"B1","summ"
"A2","sun"
"A2","sung"
"A2","sup"
"A2","supermarkt"
"A2","supp"
"A2","surf"
"A2","surfgn"
"A2","surft"
"A2","susa"
"A2","susann"
"A2","suss"
"A2","sussig"
"B1","suumme"
"B1","suupp"
"B1","suuss"
"B1","symbol"
"A2","sympath"
"B1","syst"
"A1","szeit"
"B1","szen"
"B1","tabell"
"A2","tabich"
"A2","tablet"
"B1","tablett"
"A2","tadt"
"A2","tafel"
"B1","tafeln"
"A2","tafft"
"A1","tag"
"B1","tagesablauf"
"B1","taglich"
"B1","tal"
"B1","talent"
"A2","tam"
"B1","tank"
"B1","tankstell"
"B1","tankt"
"A2","tant"
"B1","tanz"
"A2","tanzkur"
"B1","tanzt"
"B1","tarek"
"A1","tasch"
"A2","taschengeld"
"B1","taschentuch"
"A2","tass"
"B1","tastatur"
"B1","tast"
"B1","tat"
"B1","taterin"
"B1","tatig"
"A2","tatort"
"B1","tatsach"
"B1","taub"
"B1","tauch"
"B1","taucht"
"A2","tausch"
"B1","tauscht"
"B1","tauub"
"A1","tax"
"A2","taxi"
"A2","tchtlg"
"A2","team"
"B1","technik"
"B1","technisch"
"B1","technologi"
"A1","tee"
"A2","teef"
"B1","teekann"
"B1","tegriert"
"A2","teht"
"A1","teil"
"B1","teilgenomm"
"B1","teilnahm"
"A2","teilnehm"
"B1","teilnehmerin"
"B1","teilnehmerinn"
"B1","teilnehmerzahl"
"B1","teilt"
"B1","teilweis"
"B1","teilzeit"
"A1","telefon"
"B1","telefonanbiet"
"B1","telefonanschluss"
"A1","telefoni"
"B1","telefoniert"
"A2","telefonlert"
"B1","telefonnetzwerk"
"B1","telefonnumm"
"A2","tell"
"B1","temperatur"
"B1","tempo"
"B1","ten"
"A2","tengstrass"
"A2","tennis"
"A2","tep"
"B1","teppich"
"A2","tept"
"B1","teressiert"
"B1","terlass"
"A2","terlaub"
"A1","termin"
"B1","terminkal"
"B1","tern"
"B1","terrass"
"B1","terweg"
"A2","tes"
"A1","test"
"B1","testet"
"A1","teu"
"B1","teuergeschicht"
"B1","teur"
"B1","teuv"
"A1","tev"
"B1","tevr"
"A2","tevu"
"B1","tevur"
"A1","text"
"A2","tfdle"
"A2","theat"
"B1","theaterstuck"
"B1","thek"
"A1","thema"
"B1","them"
"B1","theoret"
"B1","theori"
"B1","therapi"
"B1","thielt"
"A1","thomas"
"A1","ticket"
"A2","tief"
"B1","tier"
"B1","tierpark"
"B1","tierversuch"
"A2","tim"
"A2","tipp"
"B1","tippt"
"A1","tisch"
"A2","titel"
"B1","tlerweil"
"A2","tleslt"
"A2","tlgtt"
"B1","toch"
"A1","tocht"
"B1","tod"
"B1","todlich"
"A1","toilett"
"B1","tolerant"
"A2","toll"
"A2","tom"
"A1","tomat"
"B1","tomatensaft"
"A2","tomatensart"
"A2","topf"
"B1","tor"
"A2","tort"
"A1","tot"
"A2","total"
"A2","totost"
"A2","tour"
"B1","tourismus"
"B1","tourist"
"B1","touristin"
"A2","tra"
"B1","traagt"
"B1","traaum"
"B1","tradition"
"B1","traditionell"
"B1","traf"
"B1","trag"
"B1","tragt"
"B1","train"
"B1","trainerin"
"A2","traini"
"B1","trainiert"
"A2","training"
"B1","tram"
"B1","tran"
"B1","trank"
"B1","transport"
"B1","transporti"
"B1","transportiert"
"B1","trat"
"A2","traum"
"B1","traumberuf"
"A2","traumt"
"A2","traurig"
"A1","treff"
"A2","treffén"
"B1","treffpunkt"
"B1","treib"
"B1","treibt"
"A2","tremc"
"B1","trenn"
"B1","trennt"
"B1","trennung"
"A1","trepp"
"B1","treppenhaus"
"B1","tret"
"B1","treu"
"B1","treuu"
"B1","trieb"
"B1","trifft"
"A1","trink"
"B1","trinkgeld"
"B1","trinkt"
"B1","tritt"
"A2","trock"
"B1","trockn"
"B1","trocknet"
"B1","tropf"
"B1","trottoir"
"B1","trotz"
"B1","trotzd"
"B1","trug"
"A2","tschus"
"A1","tschuss"
"A2","tta"
"B1","tuch"
"B1","tue"
"A1","tun"
"B1","tung"
"B1","tur"
"B1","turkei"
"B1","turm"
"A1","tut"
"B1","typ"
"A2","typisch"
"B1","ube"
"B1","uben"
"A2","uber"
"A2","uberall"
"B1","uberfahr"
"B1","uberfahrt"
"B1","uberfuhr"
"B1","uberhaupt"
"B1","uberhol"
"B1","uberholt"
"B1","uberleg"
"B1","uberlegt"
"A2","ubermorg"
"B1","ubernach"
"A1","ubernacht"
"A2","ubernachtet"
"B1","ubernahm"
"B1","ubernehm"
"B1","ubernimmt"
"B1","ubernomm"
"B1","uberpruf"
"B1","uberpruft"
"B1","uberqu"
"B1","uberquert"
"B1","uberrasch"
"B1","uberrascht"
"B1","uberred"
"B1","uberredet"
"B1","uberschrift"
"A2","ubersetz"
"B1","ubersetzerin"
"A2","ubersetzt"
"B1","uberstund"
"B1","ubertrag"
"B1","ubertreib"
"B1","ubertreibt"
"B1","ubertrieb"
"B1","uberweis"
"B1","uberweist"
"B1","uberwi"
"B1","uberwies"
"B1","uberzeug"
"B1","uberzeugt"
"B1","ublich"
"B1","ubrig"
"A2","ubt"
"B1","ubung"
"A2","uds"
"A2","uespitz"
"A2","ufen"
"B1","ufer"
"A2","ufosmuli"
"A1","uhr"
"A2","ullt"
"B1","ulm"
"A2","ult"
"B1","umarm"
"B1","umarmt"
"A2","umaud"
"B1","umdreh"
"A2","ume"
"A2","umen"
"B1","umfahr"
"B1","umfrag"
"B1","umgeb"
"B1","umgedreht"
"B1","umgegang"
"B1","umgeh"
"B1","umgekehrt"
"B1","umgestieg"
"B1","umgetauscht"
"A2","umgezog"
"B1","umkehr"
"B1","umleit"
"B1","ummeld"
"B1","ummso"
"B1","ums"
"B1","umseh"
"B1","umso"
"B1","umson"
"A2","umsteig"
"B1","umtausch"
"B1","umwelt"
"B1","umweltschutz"
"B1","umweltv"
"B1","umweltverschmutz"
"A2","umzieh"
"A2","umzug"
"B1","umzukehr"
"B1","unangenehm"
"B1","unbed"
"A2","unbedingt"
"A1","und"
"A2","uné"
"B1","unentschied"
"A2","unfall"
"B1","unfallort"
"B1","unfallursach"
"B1","unfreund"
"B1","ungefahr"
"A2","ung"
"B1","ungewohn"
"B1","unglaub"
"B1","ungluck"
"B1","unheim"
"B1","uniform"
"A2","universitat"
"B1","unpunkt"
"A1","uns"
"A1","unt"
"B1","unterbrach"
"B1","unterbrech"
"B1","unterbrich"
"B1","unterbricht"
"B1","unterbroch"
"A2","unterhalt"
"B1","unterhielt"
"A2","unterkunft"
"B1","unterlag"
"B1","unterlass"
"B1","unterlasst"
"B1","unterliess"
"B1","unternahm"
"A2","unternehm"
"B1","unternehmerin"
"A2","unternimmt"
"B1","unternomm"
"A1","unterricht"
"B1","unterrichtet"
"B1","untersagt"
"B1","unterscheid"
"A2","unterschied"
"A2","unterschrabt"
"A1","unterschreib"
"B1","unterschrieb"
"A1","unterschrift"
"B1","unterstr"
"B1","unterstreich"
"B1","unterstrich"
"B1","unterstutz"
"B1","unterstutzt"
"A2","untersuch"
"A2","untersucht"
"A2","unterweg"
"A2","unterwesss"
"B1","unwicht"
"A2","uper"
"B1","urkund"
"A1","urlaub"
"B1","urlaubsfotos"
"A2","urlaubsreis"
"B1","urlaubszeit"
"B1","ursach"
"B1","ursprung"
"B1","urteil"
"B1","uschi"
"A2","usgeb"
"A2","ussbg"
"B1","uub"
"B1","uuberau"
"A1","uum"
"B1","uumson"
"A2","uunterweg"
"A2","vansclt"
"B1","vas"
"A1","vat"
"B1","vegetar"
"A2","veiuftstas"
"B1","velo"
"B1","velofahr"
"B1","ver"
"B1","verabred"
"A2","verabredet"
"B1","verabschied"
"B1","verabschiedet"
"B1","verand"
"B1","verandert"
"A2","veranstal"
"B1","veranstalt"
"B1","verantwort"
"B1","verband"
"B1","verbess"
"B1","verbessert"
"B1","verbesser"
"B1","verbiet"
"B1","verbietet"
"B1","verbind"
"B1","verbindet"
"B1","verbot"
"B1","verbracht"
"B1","verbrannt"
"B1","verbrauch"
"B1","verbraucht"
"B1","verbrech"
"B1","verbrecherin"
"B1","verbrenn"
"B1","verbrennt"
"B1","verbring"
"B1","verbringt"
"B1","verbund"
"A2","vercu"
"B1","verdacht"
"A2","verdi"
"A2","verdient"
"A2","verein"
"A2","vereinbar"
"B1","vereinbart"
"A2","veremba"
"B1","vergang"
"B1","vergass"
"B1","vergeb"
"B1","vergess"
"A2","vergiss"
"B1","vergisst"
"B1","vergleich"
"B1","vergleicht"
"B1","verglich"
"B1","vergnug"
"B1","vergnugt"
"B1","vergnuugt"
"B1","vergross"
"B1","vergrossert"
"B1","verhaft"
"B1","verhaftet"
"B1","verhalt"
"B1","verhaltnis"
"A1","verheiratet"
"B1","verhielt"
"B1","verhind"
"B1","verhindert"
"A2","verkauf"
"A2","verkauferin"
"A2","verkauft"
"A2","verkehr"
"B1","verkehrsmittel"
"B1","verkehrsmitteln"
"B1","verkehrszeich"
"B1","verlag"
"B1","verlang"
"B1","verlangert"
"B1","verlangt"
"B1","verlass"
"B1","verlasst"
"B1","verlauf"
"B1","verlauft"
"B1","verletz"
"A2","verletzt"
"B1","verlieb"
"A2","verliebt"
"B1","verlief"
"B1","verli"
"B1","verliererin"
"B1","verliert"
"B1","verliess"
"B1","verlor"
"B1","verlust"
"B1","vermeid"
"B1","vermeidet"
"B1","vermied"
"A2","vermiet"
"B1","vermieterin"
"A2","vermietet"
"B1","vermiss"
"B1","vermisst"
"B1","vermittl"
"B1","vermut"
"B1","vermutet"
"B1","vernunft"
"B1","verof"
"B1","veroffent"
"B1","veroffentlicht"
"A2","veronika"
"B1","verpack"
"B1","verpackt"
"B1","verpass"
"A2","verpasst"
"B1","verpfleg"
"B1","verpflegt"
"B1","verpflichtet"
"B1","verrat"
"B1","verreis"
"A2","verreist"
"B1","verriet"
"B1","verruckt"
"B1","versamm"
"B1","versamml"
"B1","versaum"
"B1","versaumt"
"B1","verschenkt"
"A2","verschieb"
"B1","verschiebt"
"B1","verschied"
"B1","verschmutz"
"B1","verschmutzt"
"B1","verschob"
"B1","verschreib"
"B1","verschreibt"
"B1","verschrieb"
"B1","verschwand"
"B1","verschwind"
"B1","verschwindet"
"B1","verschwund"
"B1","versich"
"B1","versichert"
"B1","versichertenkart"
"B1","versicher"
"B1","versicherungsgesellschaft"
"B1","verspa"
"A2","verspat"
"B1","versprach"
"B1","versprech"
"B1","verspricht"
"B1","versproch"
"B1","verstand"
"B1","verstandnis"
"A2","verstano"
"B1","versteck"
"B1","versteckt"
"A2","versteh"
"B1","versteht"
"A2","versuc"
"B1","versuch"
"B1","versucht"
"B1","versunk"
"B1","vert"
"B1","verteil"
"B1","verteilt"
"A2","vertrag"
"B1","vertrat"
"B1","vertrau"
"B1","vertraut"
"B1","vertret"
"B1","vertreterin"
"B1","vertritt"
"B1","verursach"
"B1","verursacht"
"B1","verurteil"
"B1","verurteilt"
"B1","verwalt"
"B1","verwandt"
"B1","verwechseln"
"B1","verwechselt"
"B1","verw"
"B1","verwend"
"B1","verwendet"
"B1","verzeih"
"B1","verzeiht"
"B1","verzicht"
"B1","verzichtet"
"B1","verzieh"
"A2","vgegenub"
"B1","video"
"B1","videospiel"
"A1","vie"
"A2","vieied"
"A1","viel"
"A1","vielleicht"
"A2","viensicnt"
"A1","vier"
"B1","viertel"
"B1","viertelstund"
"B1","vir"
"B1","virtuell"
"B1","virus"
"B1","visa"
"B1","visitenkart"
"A2","vist"
"B1","visum"
"B1","vitamin"
"A2","vllllg"
"A2","vocpenegdla"
"A2","vogel"
"B1","vogelhaus"
"B1","vogeln"
"B1","volkshochschul"
"A2","voll"
"A2","volleyball"
"B1","vollig"
"B1","vollmond"
"B1","vollpension"
"B1","volltank"
"B1","vollzeit"
"A2","vom"
"A1","von"
"B1","voneinand"
"B1","vooraus"
"A1","vor"
"B1","voraus"
"B1","vorausset"
"B1","voraussetz"
"B1","voraussicht"
"A2","vorbei"
"B1","vorbeikomm"
"B1","vorbel"
"A2","vorbereit"
"B1","vorbereitet"
"B1","vord"
"B1","vorfahrt"
"B1","vorgehabt"
"B1","vorgekomm"
"B1","vorgeles"
"B1","vorgeschlag"
"B1","vorgestellt"
"A2","vorg"
"B1","vorhab"
"A2","vorh"
"B1","vorhin"
"B1","vorkomm"
"B1","vorkommt"
"B1","vorlauf"
"B1","vorles"
"B1","vormittag"
"A2","vorn"
"A1","vornam"
"B1","vorort"
"A2","vorschlag"
"A2","vorschlagz"
"B1","vorschrift"
"A1","vorsicht"
"B1","vorspeis"
"A1","vorstell"
"B1","vorstellungsgesprach"
"B1","vorteil"
"B1","vortrag"
"B1","vorwaart"
"A1","vorwahl"
"A2","vorwart"
"B1","vorwurf"
"B1","vorzu"
"A2","vqgestellt"
"A2","vqn"
"A2","vsv"
"A2","vvelch"
"A2","vvir"
"A2","vvta"
"A2","vwonnzimmet"
"B1","waagerecht"
"A2","wach"
"B1","wachs"
"B1","wacht"
"A2","wag"
"B1","wahl"
"B1","wahlt"
"B1","wahnsinn"
"A2","wahr"
"B1","wahrend"
"B1","wahrheit"
"A2","wahrschein"
"A2","wald"
"A2","wan"
"A2","wand"
"B1","wandert"
"B1","wander"
"B1","wandt"
"A1","wann"
"A1","war"
"B1","warf"
"A2","warm"
"B1","warn"
"B1","warnt"
"B1","warst"
"A2","wart"
"A2","wartet"
"A1","warum"
"A1","was"
"A2","wasch"
"A2","waschmaschin"
"B1","waschmittel"
"A2","wascht"
"A1","wass"
"A2","watanab"
"B1","web"
"A2","webseit"
"B1","websit"
"B1","wechselgeld"
"A2","wechseln"
"B1","wechselt"
"B1","weck"
"B1","weckt"
"A2","wed"
"A1","weg"
"A2","wegbring"
"B1","wegfahr"
"B1","weggefahr"
"A2","weggelauf"
"A2","weggenomm"
"A2","wegmach"
"A2","wegwerf"
"A1","weh"
"B1","wehgetan"
"A2","wehtun"
"A1","weiblich"
"A2","weich"
"B1","weig"
"B1","weigert"
"B1","weihnacht"
"A2","weil"
"A1","wein"
"A2","weint"
"B1","weis"
"A1","weiss"
"A2","weissbrot"
"A2","weisst"
"B1","weist"
"B1","weisung"
"A1","weit"
"B1","weiterbild"
"A2","weiterhelf"
"B1","weiterhin"
"A2","weitermach"
"A2","welc"
"A1","welch"
"A1","welt"
"B1","weltkrieg"
"B1","weltmeist"
"B1","weltreis"
"B1","weltweit"
"A2","wem"
"A1","wen"
"B1","wend"
"B1","wendet"
"A1","wenig"
"A2","wenigst"
"A2","wenlig"
"A2","wenn"
"A2","wentg"
"A1","wer"
"B1","werb"
"B1","werbung"
"B1","werd"
"B1","werf"
"B1","werk"
"A2","werkstatt"
"B1","werkzeug"
"B1","wert"
"B1","wertlos"
"B1","wertvoll"
"B1","weshalb"
"B1","west"
"B1","wettb"
"A2","wettbewerb"
"B1","wett"
"B1","wetterbericht"
"B1","wettervorhersag"
"B1","wettet"
"B1","wfir"
"A1","wichtig"
"B1","widersprach"
"B1","widersprech"
"B1","widerspricht"
"B1","widersproch"
"A1","wie"
"A2","wied"
"B1","wiedergefund"
"B1","wiederhol"
"A2","wiederholt"
"A1","wiederhor"
"B1","wiederkomm"
"A1","wiederseh"
"B1","wieg"
"B1","wiegt"
"A2","wiehet"
"B1","wien"
"A2","wieoet"
"B1","wies"
"A2","wiesbad"
"B1","wieso"
"B1","wild"
"A2","will"
"A1","willkomm"
"A1","wind"
"A2","windig"
"B1","wink"
"B1","winkt"
"A2","wint"
"B1","winterschuh"
"A1","wir"
"A2","wird"
"B1","wirf"
"B1","wirft"
"B1","wirk"
"A2","wirklich"
"B1","wirkt"
"B1","wirkung"
"B1","wirst"
"B1","wirt"
"B1","wirtin"
"B1","wirtschaft"
"A2","wiss"
"B1","wissenschaft"
"B1","wissenschaftl"
"B1","wissenschaftlerin"
"A2","witz"
"A2","witzig"
"B1","wlir"
"A2","wllkomm"
"A2","wmd"
"A2","wmm"
"A2","woch"
"A1","wochen"
"A2","wocn"
"B1","wog"
"B1","woh"
"A1","wohin"
"B1","wohl"
"A1","wohn"
"B1","wohnflach"
"B1","wohngeld"
"B1","wohnort"
"B1","wohnsitz"
"A1","wohnt"
"A1","wohnung"
"B1","wohnungsangebot"
"B1","wohnungseinbruch"
"B1","wohnungstur"
"A2","wohnzi"
"A2","wohnzimm"
"A2","wohnzimmert"
"A2","wolk"
"B1","woll"
"B1","wollt"
"B1","womit"
"A2","wonnung"
"A2","woo"
"B1","word"
"A2","workshop"
"A1","wort"
"A2","worterbuch"
"B1","wortet"
"A2","wortlist"
"B1","wortschatz"
"B1","worub"
"B1","worum"
"B1","wuch"
"B1","wund"
"A1","wunderbar"
"B1","wunderschon"
"B1","wundert"
"A2","wunsch"
"B1","wunscht"
"B1","wurd"
"A2","wurdig"
"A2","wurst"
"B1","wurstch"
"B1","wurzburg"
"B1","wurz"
"B1","wusch"
"B1","wusst"
"B1","wutend"
"A1","wwand"
"B1","wwandt"
"B1","wwar"
"B1","wwarum"
"B1","wwas"
"B1","wweg"
"B1","wwieso"
"A2","wwunsch"
"A2","yannick"
"A2","yaz"
"A2","yer"
"A2","yin"
"A2","ynumm"
"B1","york"
"A2","yte"
"A2","zagreb"
"A2","zahl"
"B1","zahlreich"
"B1","zahlt"
"B1","zahlung"
"A2","zahn"
"B1","zahnarzt"
"A2","zahnarztin"
"B1","zahnarzttermin"
"B1","zahnburst"
"B1","zahncrem"
"B1","zahnschmerz"
"B1","zang"
"A1","zaoll"
"A2","zasreb"
"A2","zehn"
"A2","zeich"
"B1","zeichn"
"B1","zeichnet"
"B1","zeichnung"
"B1","zeig"
"B1","zeigt"
"B1","zeil"
"A2","zeis"
"A1","zeit"
"B1","zeitpunkt"
"A2","zeitschit"
"A2","zeitschnt"
"A2","zeitschrift"
"A1","zeitung"
"B1","zeitungslad"
"A2","zelt"
"B1","zeltet"
"B1","zeltlag"
"B1","zen"
"B1","zentimet"
"B1","zentral"
"B1","zentr"
"A2","zentrum"
"B1","zerstor"
"B1","zerstort"
"A2","zertifikat"
"A2","zettel"
"B1","zeug"
"B1","zeugin"
"A2","zeugnis"
"A2","zheie"
"A1","zieh"
"A2","zieht"
"A2","ziel"
"B1","ziemlich"
"B1","zigarett"
"A1","zimm"
"B1","zimmerpreis"
"A2","zimmerschlussel"
"B1","zins"
"A2","zirkus"
"A2","zit"
"A2","zitron"
"A2","zitroneneis"
"B1","zivilstand"
"B1","zlich"
"B1","znuni"
"A2","zoae"
"B1","zog"
"B1","zoll"
"B1","zon"
"B1","zoo"
"B1","zte"
"A2","zub"
"B1","zubereit"
"B1","zubereitet"
"A2","zuck"
"B1","zueinand"
"A2","zuerst"
"B1","zufall"
"A1","zufried"
"A1","zug"
"B1","zugang"
"B1","zugeh"
"B1","zugehort"
"B1","zugemacht"
"B1","zugenom"
"B1","zugenomm"
"B1","zugesagt"
"B1","zugeschaut"
"B1","zugeschickt"
"B1","zugestimmt"
"B1","zugfahr"
"B1","zugrestaurant"
"B1","zugspitz"
"B1","zuhaus"
"B1","zuhor"
"B1","zuhorerin"
"B1","zuhorerinn"
"B1","zukunft"
"A2","zuletzt"
"A1","zum"
"B1","zumach"
"B1","zumind"
"B1","zunach"
"B1","zund"
"B1","zundholz"
"B1","zunehm"
"B1","zung"
"B1","zunimmt"
"A1","zur"
"B1","zurecht"
"B1","zurechtgekomm"
"B1","zurechtkomm"
"A1","zuruck"
"B1","zuruckfahr"
"B1","zuruckgeb"
"B1","zuruckgekomm"
"B1","zuruckkomm"
"B1","zuruckruf"
"A1","zurzeit"
"A2","zus"
"B1","zusag"
"A1","zusamm"
"B1","zusammenarbeit"
"B1","zusammenfass"
"B1","zusammengefasst"
"B1","zusammenhang"
"B1","zusatz"
"B1","zuschau"
"B1","zuschauerin"
"B1","zuschav"
"B1","zuschlag"
"B1","zustand"
"B1","zustimm"
"B1","zutat"
"A2","zuu"
"B1","zuug"
"B1","zuugegang"
"A1","zuugz"
"B1","zuurzeit"
"B1","zuusamm"
"A1","zuuu"
"B1","zuverlass"
"B1","zuzuhor"
"B1","zuzuseh"
"B1","zvieri"
"B1","zvierl"
"B1","zwang"
"A2","zwanzig"
"B1","zwar"
"B1","zweck"
"A1","zwei"
"B1","zweifel"
"B1","zweifeln"
"B1","zweifelt"
"B1","zweifl"
"B1","zweimal"
"B1","zweit"
"B1","zweitsprach"
"B1","zweizimmerwohn"
"B1","zwiebel"
"B1","zwiebeln"
"B1","zwing"
"B1","zwingt"
"A1","zwisch"
"A1","zwolf"
"B1","zzu"
"B1","zzuerst"
"B1","zzufried"
"B1","zzuletzt"
"B1","zzum"
"B1","zzuruck"
"B1","zzuruckzubekomm"
"B1","zzusamm"
"B1","zzusammenfass"
"B1","zzuu"
"B1","zzwei"
"B2","abgeordnet"
"B2","abhangigkeit"
"B2","abschliessend"
"B2","abstimmung"
"B2","abwag"
"B2","achtsamkeit"
"B2","akti"
"B2","aktionar"
"B2","alarmierend"
"B2","algorithmus"
"B2","allerdings"
"B2","alltagsleb"
"B2","altersvorsorg"
"B2","ambivalent"
"B2","analysier"
"B2","andererseits"
"B2","anerkennung"
"B2","angemess"
"B2","angesichts"
"B2","angststorung"
"B2","anpass"
"B2","anpassungsfahig"
"B2","ansatz"
"B2","ansteckung"
"B2","anstreb"
"B2","arbeitsbelastung"
"B2","arbeitslosigkeit"
"B2","argument"
"B2","argumentier"
"B2","armut"
"B2","artenvielfalt"
"B2","aspekt"
"B2","assimilation"
"B2","asthetik"
"B2","auffassung"
"B2","ausbildung"
"B2","ausdrucksform"
"B2","auseinandersetz"
"B2","auseinandersetzung"
"B2","ausgeglich"
"B2","ausgrenz"
"B2","ausgrenzung"
"B2","aushandeln"
"B2","aussenpolitik"
"B2","aussterb"
"B2","auswanderung"
"B2","ausweit"
"B2","auswendiglern"
"B2","auswertung"
"B2","auswirk"
"B2","auswirkung"
"B2","automatisierung"
"B2","autonomi"
"B2","ballungsraum"
"B2","bankrott"
"B2","bausubstanz"
"B2","bedingung"
"B2","beeintrachtig"
"B2","befass"
"B2","befurcht"
"B2","behandlung"
"B2","beharr"
"B2","belastbar"
"B2","belastbarkeit"
"B2","benachteilig"
"B2","benachteiligt"
"B2","benutzeroberflach"
"B2","berechtigung"
"B2","berichterstattung"
"B2","berucksichtig"
"B2","berufswahl"
"B2","besorgniserregend"
"B2","bestatig"
"B2","besteu"
"B2","bestimmung"
"B2","beteilig"
"B2","beton"
"B2","beurteil"
"B2","bevorzug"
"B2","bewaltig"
"B2","bewegungsmangel"
"B2","bewerbung"
"B2","bewert"
"B2","bewusstsein"
"B2","bezuglich"
"B2","bezweifeln"
"B2","bildungschanc"
"B2","bildungsgerechtigkeit"
"B2","bildungssyst"
"B2","biodiversitat"
"B2","bors"
"B2","boulevardpress"
"B2","boykottier"
"B2","brisant"
"B2","bundnis"
"B2","burgerrecht"
"B2","burnout"
"B2","burokrati"
"B2","chancengleichheit"
"B2","cyberangriff"
"B2","cyberkriminalitat"
"B2","dasein"
"B2","datenerhebung"
"B2","datenmissbrauch"
"B2","datenschutz"
"B2","datenverkehr"
"B2","deflation"
"B2","delikat"
"B2","dementsprechend"
"B2","demokrati"
"B2","demonstration"
"B2","demzufolg"
"B2","denkmalschutz"
"B2","dennoch"
"B2","depression"
"B2","deregulier"
"B2","diagnos"
"B2","differenzier"
"B2","differenziert"
"B2","digitalisierung"
"B2","dilemma"
"B2","diplomati"
"B2","diskriminier"
"B2","diskriminierend"
"B2","diskriminierung"
"B2","dissens"
"B2","dividend"
"B2","dominier"
"B2","dramatisch"
"B2","drastisch"
"B2","durchsetz"
"B2","durr"
"B2","echokamm"
"B2","effizient"
"B2","effizienz"
"B2","ehrenamt"
"B2","eifersucht"
"B2","eigenverantwortung"
"B2","eindeutig"
"B2","einerseits"
"B2","einheitlich"
"B2","einlenk"
"B2","einsamkeit"
"B2","einschatz"
"B2","einschrank"
"B2","einschrankung"
"B2","einwanderung"
"B2","elternzeit"
"B2","emanzipation"
"B2","emission"
"B2","emissionshandel"
"B2","empathi"
"B2","energiewend"
"B2","engagement"
"B2","engagier"
"B2","entdeckung"
"B2","entkraft"
"B2","entscharf"
"B2","entscheidend"
"B2","entscheidungsfindung"
"B2","enttauschung"
"B2","entwicklungshilf"
"B2","entwicklungsland"
"B2","epidemi"
"B2","erderwarmung"
"B2","erfindung"
"B2","erfullung"
"B2","erkenntnis"
"B2","erleichterung"
"B2","ermoglich"
"B2","ernahrung"
"B2","ernahrungsgewohnheit"
"B2","erneuerbar"
"B2","erort"
"B2","errungenschaft"
"B2","erschopfung"
"B2","erweit"
"B2","erziehungsurlaub"
"B2","ethik"
"B2","existenz"
"B2","existenzangst"
"B2","existenzgrundlag"
"B2","expandier"
"B2","experiment"
"B2","extremismus"
"B2","facettenreich"
"B2","fachkraft"
"B2","fachkraftemangel"
"B2","fahigkeit"
"B2","fazit"
"B2","feinstaub"
"B2","feminismus"
"B2","fernunterricht"
"B2","filterblas"
"B2","florier"
"B2","fluchtling"
"B2","foderalismus"
"B2","folglich"
"B2","forschungsprojekt"
"B2","fortbestand"
"B2","fragil"
"B2","fragwurdig"
"B2","frauenquot"
"B2","freizeitgestaltung"
"B2","fremdbestimmung"
"B2","frontalunterricht"
"B2","frustration"
"B2","fursorg"
"B2","fusion"
"B2","fusionier"
"B2","geborgenheit"
"B2","gefahrd"
"B2","gegenargument"
"B2","gelassenheit"
"B2","gemassigt"
"B2","generationenkonflikt"
"B2","generationenvertrag"
"B2","genesung"
"B2","gentrifizierung"
"B2","gerechtigkeit"
"B2","gerichtsverfahr"
"B2","geringschatzung"
"B2","geschaftsmodell"
"B2","gescheitert"
"B2","geschlechtergerechtigkeit"
"B2","geschlechterroll"
"B2","gesetzentwurf"
"B2","gesetzgebung"
"B2","gestalt"
"B2","gesundheitssyst"
"B2","gesundheitswes"
"B2","gewahrleist"
"B2","gewaltenteilung"
"B2","gewohnheit"
"B2","glaubwurdigkeit"
"B2","gleichberechtigung"
"B2","gleichgewicht"
"B2","gleichgultigkeit"
"B2","gleichstellung"
"B2","gleichstellungspolitik"
"B2","gleichwohl"
"B2","gletscherschmelz"
"B2","globalisierung"
"B2","gravierend"
"B2","grundrecht"
"B2","grundsatz"
"B2","hackerangriff"
"B2","haftung"
"B2","handelsabkomm"
"B2","handelspartn"
"B2","hardwar"
"B2","haushaltsdefizit"
"B2","heikel"
"B2","herausforderung"
"B2","hervorheb"
"B2","hindeut"
"B2","hinsicht"
"B2","hinsichtlich"
"B2","hinterfrag"
"B2","hochschul"
"B2","homeoffic"
"B2","hypothes"
"B2","idealistisch"
"B2","identitat"
"B2","identitatskris"
"B2","ideologi"
"B2","illusorisch"
"B2","immobilienmarkt"
"B2","immunsyst"
"B2","individualismus"
"B2","indiz"
"B2","industrieland"
"B2","inflation"
"B2","influenc"
"B2","infolgedess"
"B2","informationsflut"
"B2","inkoharent"
"B2","innovation"
"B2","innovativ"
"B2","insolvenz"
"B2","instabil"
"B2","instabilitat"
"B2","integrier"
"B2","interessenkonflikt"
"B2","interpretation"
"B2","interpretier"
"B2","intolerant"
"B2","investition"
"B2","isolier"
"B2","journalismus"
"B2","kapitalismus"
"B2","karriereplanung"
"B2","kennzeichn"
"B2","klausel"
"B2","klimaschutz"
"B2","klimawandel"
"B2","koalition"
"B2","koharent"
"B2","kohlenstoffdioxid"
"B2","kollektivismus"
"B2","kommentar"
"B2","kompetenz"
"B2","komplex"
"B2","kompromissbereitschaft"
"B2","konjunktur"
"B2","konjunkturschwankung"
"B2","konkretisier"
"B2","konkurrier"
"B2","konsens"
"B2","konsequenz"
"B2","konservativ"
"B2","konstant"
"B2","konsumgesellschaft"
"B2","kontrovers"
"B2","konvention"
"B2","konz"
"B2","kooperier"
"B2","korruption"
"B2","krankenversicherung"
"B2","kreativitat"
"B2","kriterium"
"B2","kritisier"
"B2","kundigung"
"B2","kurzzeitfolg"
"B2","labil"
"B2","landflucht"
"B2","langzeitfolg"
"B2","lebensbedingung"
"B2","lebensentwurf"
"B2","lebenserwartung"
"B2","lebensplanung"
"B2","lebensqualitat"
"B2","lebenssinn"
"B2","lebensstil"
"B2","lebensumstand"
"B2","lehrplan"
"B2","leistungsdruck"
"B2","leistungsgesellschaft"
"B2","leitartikel"
"B2","lernmethod"
"B2","letztendlich"
"B2","liberal"
"B2","liberalisier"
"B2","lohngefall"
"B2","losungsansatz"
"B2","luftverschmutzung"
"B2","machbarkeit"
"B2","machtmissbrauch"
"B2","manipulation"
"B2","massnahm"
"B2","mediator"
"B2","medienkompetenz"
"B2","medienlandschaft"
"B2","mediennutzung"
"B2","meeresspiegel"
"B2","mehrdeutig"
"B2","meinungsbildung"
"B2","meinungsfreiheit"
"B2","meinungsverschiedenheit"
"B2","menschenbild"
"B2","menschenrecht"
"B2","metaph"
"B2","mietpreis"
"B2","mietspiegel"
"B2","minderheit"
"B2","minderwertigkeitsgefuhl"
"B2","mindestlohn"
"B2","mitgefuhl"
"B2","mithin"
"B2","mitwirk"
"B2","monopolisier"
"B2","moral"
"B2","moralvorstellung"
"B2","mulltrennung"
"B2","multikulturalismus"
"B2","multikulturell"
"B2","nachgeb"
"B2","nachhaltig"
"B2","nachhaltigkeit"
"B2","nachrichtensendung"
"B2","nachvollzieh"
"B2","nachvollziehbar"
"B2","nachweis"
"B2","nahverkehr"
"B2","naturkatastroph"
"B2","nebenwirkung"
"B2","neutral"
"B2","nichtsdestotrotz"
"B2","norm"
"B2","notendruck"
"B2","obdachlosigkeit"
"B2","oberflachlich"
"B2","objektiv"
"B2","objektivitat"
"B2","offentlichkeit"
"B2","offentlichkeitsarbeit"
"B2","okologisch"
"B2","okosyst"
"B2","onlinehandel"
"B2","opposition"
"B2","originalitat"
"B2","pandemi"
"B2","paradox"
"B2","parteiisch"
"B2","pauschalisier"
"B2","pendl"
"B2","perspektiv"
"B2","pflegebedurftigkeit"
"B2","pflegekraft"
"B2","phanom"
"B2","plastikmull"
"B2","plattform"
"B2","plausibel"
"B2","populismus"
"B2","prag"
"B2","pragmatisch"
"B2","pravention"
"B2","prekar"
"B2","pressefreiheit"
"B2","pressemitteilung"
"B2","prinzip"
"B2","prioritatensetzung"
"B2","privatisier"
"B2","privilegiert"
"B2","produktivitat"
"B2","progressiv"
"B2","propaganda"
"B2","protest"
"B2","psych"
"B2","quell"
"B2","radikal"
"B2","radikalisierung"
"B2","reagier"
"B2","realisier"
"B2","realistisch"
"B2","rechtfertig"
"B2","rechtsprechung"
"B2","rechtsstaat"
"B2","recycling"
"B2","regelung"
"B2","regierung"
"B2","reglementier"
"B2","rehabilitation"
"B2","relativier"
"B2","rentabilitat"
"B2","rentenversicherung"
"B2","resilient"
"B2","resilienz"
"B2","ressourc"
"B2","ressourcenschonung"
"B2","resultier"
"B2","rezession"
"B2","risikoabwagung"
"B2","riskier"
"B2","ritual"
"B2","robotik"
"B2","rollenbild"
"B2","rollenverteilung"
"B2","routin"
"B2","ruckgang"
"B2","ruckschritt"
"B2","rucksichtnahm"
"B2","sanierung"
"B2","sanktion"
"B2","sanktionier"
"B2","scheit"
"B2","schlagzeil"
"B2","schlichtung"
"B2","schlussfolgerung"
"B2","schlussig"
"B2","schrumpf"
"B2","schuldgefuhl"
"B2","schwank"
"B2","schwellenland"
"B2","sehnsucht"
"B2","selbstausdruck"
"B2","selbstbestimmung"
"B2","selbstbewusstsein"
"B2","selbstdarstellung"
"B2","selbstfindung"
"B2","selbstoptimierung"
"B2","selbstvertrau"
"B2","selbstverwirklichung"
"B2","selbstzweifel"
"B2","sensationsgi"
"B2","sensibel"
"B2","sichtweis"
"B2","sinnfrag"
"B2","sinnhaftigkeit"
"B2","sinnkris"
"B2","sitt"
"B2","smartphonesucht"
"B2","softwar"
"B2","solidaritat"
"B2","somit"
"B2","souveranitat"
"B2","sozialleistung"
"B2","sozialstaat"
"B2","spekulier"
"B2","spezifizier"
"B2","staatsangehorigkeit"
"B2","staatsanwalt"
"B2","staatsburgerschaft"
"B2","staatsverschuldung"
"B2","stabil"
"B2","stadtentwicklung"
"B2","stadtplanung"
"B2","stagnation"
"B2","stagnier"
"B2","startup"
"B2","steuererhohung"
"B2","stichhaltig"
"B2","stichprob"
"B2","stigmatisier"
"B2","straff"
"B2","streamingdienst"
"B2","streitfrag"
"B2","streitschlichtung"
"B2","studiengang"
"B2","studiengebuhr"
"B2","subjektiv"
"B2","subvention"
"B2","subventionier"
"B2","suchtverhalt"
"B2","symbolik"
"B2","symptom"
"B2","tarifvertrag"
"B2","tendenz"
"B2","thes"
"B2","tiefgreifend"
"B2","toleranz"
"B2","tolerier"
"B2","traditionsbewusstsein"
"B2","trau"
"B2","treibhauseffekt"
"B2","treibhausgas"
"B2","trend"
"B2","tugend"
"B2","uberdi"
"B2","ubereinstimmung"
"B2","uberfordert"
"B2","uberforderung"
"B2","uberschwemmung"
"B2","uberwachung"
"B2","uberwind"
"B2","umsetz"
"B2","umsetzbarkeit"
"B2","umstritt"
"B2","umweltbewusstsein"
"B2","umweltfreundlich"
"B2","umweltkatastroph"
"B2","umweltverschmutzung"
"B2","unausgeglich"
"B2","uneinheitlich"
"B2","ungeachtet"
"B2","ungerecht"
"B2","ungerechtigkeit"
"B2","ungleichgewicht"
"B2","ungleichheit"
"B2","unschlussig"
"B2","unterbewusstsein"
"B2","unterfordert"
"B2","untermau"
"B2","untersuchung"
"B2","utopisch"
"B2","variabel"
"B2","verallgemein"
"B2","veranderung"
"B2","veranschaulich"
"B2","verantwortlichkeit"
"B2","verantwortung"
"B2","verantwortungsbewusstsein"
"B2","verbundenheit"
"B2","verdeutlich"
"B2","verfassung"
"B2","verfassungsgericht"
"B2","verfehl"
"B2","verhaltensweis"
"B2","verhandeln"
"B2","verhandlung"
"B2","verkehrsinfrastruktur"
"B2","verletzung"
"B2","vermittlung"
"B2","vernetzung"
"B2","verordnung"
"B2","verpflicht"
"B2","verpflichtung"
"B2","verscharf"
"B2","verschlusselung"
"B2","verstaatlich"
"B2","verstadterung"
"B2","verstoss"
"B2","versuchsreih"
"B2","verteidig"
"B2","verteidigung"
"B2","vertief"
"B2","verwirklich"
"B2","vieldeutig"
"B2","vielfalt"
"B2","vielfaltig"
"B2","vielschichtig"
"B2","volksentscheid"
"B2","vorantreib"
"B2","voraussetzung"
"B2","voreingenomm"
"B2","vorurteil"
"B2","wachstum"
"B2","wahlkampf"
"B2","wahrnehmung"
"B2","wandel"
"B2","wasserknappheit"
"B2","wegwerfgesellschaft"
"B2","weiterbildung"
"B2","weltanschauung"
"B2","weltoff"
"B2","weltoffenheit"
"B2","weltordnung"
"B2","weltwirtschaft"
"B2","wertewandel"
"B2","wertschatzung"
"B2","wertschopfung"
"B2","wertvorstellung"
"B2","wesentlich"
"B2","widerleg"
"B2","widerspiegeln"
"B2","widerspruch"
"B2","widerspruchlich"
"B2","wirksamkeit"
"B2","wirtschaftswachstum"
"B2","wohlbefind"
"B2","wohlstand"
"B2","wohlstandsgesellschaft"
"B2","wohnraum"
"B2","wohnungsmarkt"
"B2","wohnungsnot"
"B2","zensur"
"B2","zielkonflikt"
"B2","zud"
"B2","zufolg"
"B2","zufriedenheit"
"B2","zugehorigkeit"
"B2","zugehorigkeitsgefuhl"
"B2","zugestandnis"
"B2","zukunftsangst"
"B2","zukunftsperspektiv"
"B2","zunahm"
"B2","zunehmend"
"B2","zusammenfassend"
"B2","zustandigkeit"
"B2","zweideutig"
"B2","abschiebung"
"B2","abspiel"
"B2","abwanderung"
"B2","abzeichn"
"B2","adipositas"
"B2","alleinerziehend"
"B2","anbindung"
"B2","anprang"
"B2","appellier"
"B2","aufenthaltstitel"
"B2","aufklar"
"B2","aufnahmegesellschaft"
"B2","aufzeig"
"B2","ausgrenzend"
"B2","auslandsaufenthalt"
"B2","ausnahmefall"
"B2","barrierefrei"
"B2","bedenklich"
"B2","befurwort"
"B2","begunstig"
"B2","begunstigt"
"B2","bemerkbar"
"B2","bewegungsdrang"
"B2","bildungsauftrag"
"B2","biolebensmittel"
"B2","biotechnologi"
"B2","chancengerecht"
"B2","datenethik"
"B2","denkweis"
"B2","diskriminierungserfahrung"
"B2","doping"
"B2","dorfgemeinschaft"
"B2","duld"
"B2","einburgerung"
"B2","einhergeh"
"B2","einigend"
"B2","einzelfall"
"B2","entscheidungsspielraum"
"B2","entstigmatisier"
"B2","erkenntnisgewinn"
"B2","ernahrungsweis"
"B2","erschwer"
"B2","erziehungsauftrag"
"B2","erziehungsberechtigt"
"B2","erziehungsstil"
"B2","erziehungswissenschaft"
"B2","esgewohnheit"
"B2","etablier"
"B2","exklusiv"
"B2","extremfall"
"B2","fachubergreifend"
"B2","fairness"
"B2","fernreis"
"B2","fernweh"
"B2","fertiggericht"
"B2","fitnesswahn"
"B2","fleischkonsum"
"B2","fluchtgrund"
"B2","fluchtursach"
"B2","forschungsethik"
"B2","freizeitsport"
"B2","ganztagsschul"
"B2","gastfreundschaft"
"B2","geisteshaltung"
"B2","geisteswissenschaft"
"B2","generationengerechtigkeit"
"B2","generationenunterschied"
"B2","gentechnik"
"B2","genussmittel"
"B2","gespalt"
"B2","gestaltungsspielraum"
"B2","greenwashing"
"B2","grenzfall"
"B2","handlungsbedarf"
"B2","handlungsdruck"
"B2","handlungsspielraum"
"B2","herkunftsland"
"B2","impulskauf"
"B2","individualreis"
"B2","infrastruktur"
"B2","ingenieurwissenschaft"
"B2","initiier"
"B2","institutionalisier"
"B2","integrationskurs"
"B2","integrativ"
"B2","interdisziplinar"
"B2","kalorienzufuhr"
"B2","kaufentscheidung"
"B2","kaufkraft"
"B2","kinderbetreuung"
"B2","klimagerechtigkeit"
"B2","klon"
"B2","konsumkritik"
"B2","konsumverhalt"
"B2","korrelier"
"B2","kreuzfahrt"
"B2","kritikwurdig"
"B2","kulturschock"
"B2","lebensmittelverschwendung"
"B2","leistungssport"
"B2","lobenswert"
"B2","mahn"
"B2","mangelernahrung"
"B2","manifestier"
"B2","mannschaftsgeist"
"B2","markentreu"
"B2","massentierhaltung"
"B2","massentourismus"
"B2","mehrgenerationenhaushalt"
"B2","mitbestimmung"
"B2","mitspracherecht"
"B2","modernisierungsbedarf"
"B2","mustergultig"
"B2","nachhaltigkeitssiegel"
"B2","nachholbedarf"
"B2","nahrungsmittelindustri"
"B2","nahversorgung"
"B2","naturwissenschaft"
"B2","niederschlag"
"B2","normalisier"
"B2","ohnmacht"
"B2","patchworkfamili"
"B2","perspektivwechsel"
"B2","pladier"
"B2","polarisierend"
"B2","privatsphar"
"B2","problematisier"
"B2","produktplatzierung"
"B2","provinz"
"B2","reformbedarf"
"B2","regelfall"
"B2","regelverstoss"
"B2","regionalitat"
"B2","reisebranch"
"B2","reiseziel"
"B2","schiedsricht"
"B2","sehenswurdigkeit"
"B2","selbstreflexion"
"B2","selbstwirksamkeit"
"B2","sensibilisier"
"B2","sozialwissenschaft"
"B2","spaltend"
"B2","sportverletzung"
"B2","sprachbarrier"
"B2","stadionbesuch"
"B2","stammzellenforschung"
"B2","strukturschwach"
"B2","tabuisier"
"B2","teilhab"
"B2","thematisier"
"B2","trainingseinheit"
"B2","ubergewicht"
"B2","ubernachtungsmoglichkeit"
"B2","uberwachungsstaat"
"B2","veganismus"
"B2","vegetarismus"
"B2","verallgemeinerung"
"B2","veranlass"
"B2","verbindend"
"B2","verbraucherschutz"
"B2","vereinbarkeit"
"B2","vereinfach"
"B2","vereinsleb"
"B2","vollzieh"
"B2","vorbildlich"
"B2","wettkampf"
"B2","wettkampfdruck"
"B2","zersiedelung"
"B2","zuschauermeng"
"B2","zwiespaltig"
